BULAWAYO METROPOLITAN PROVINCE 2018 HARMONISED PRESIDENTIAL ELECTION RESULTS: 30 JULY 2018,,,,,,,,,,,,,,,,,,,,,,,,,,,,,,,,
,,,,,,,,,,,,,,,,,,,,,,,,,,,,,,,,
DISTRICT,CONSTITUENCY ,LOCAL AUTHORITY,WARD NO.,POLLING STATIONS,STATION CODE,Busha Joseph Makamba FreeZim Congress,Chamisa Nelson MDC Alliance,Chikanga  Everisto Washington Rebuild Zimbabwe,Dzapasi Melbah # 1980 Freedom Movement Zimbabwe,Gava Peter Mapfumo UDF,Hlabangana Kwanele RPZ,Kasiyamhuru Blessing ZPP,Khupe Thokozani MDC-T,Madhuku Lovemore NCA,Mangoma Elton Steers Coalition of Democrats,Manyika Noah Ngoni BZA,Mapfumo Chiguvare Tonderayi Johannes Timothy PPPZ,MARIYACHA Violet UDM,Mhambi-Hove Divine NAPDR,Mnangagwa Emmerson Dambudzo ZANU PF,Moyo Donald Nkosana APA,Mteki Bryn Taurai Independent,Mugadza Willard Tawonezvi BCP,Mujuru Joice Teurai Ropa PRC,Munyanduri Tenda Peter NPF,MutinhirI Ambrose NPF,Shumba Kuzozvirava Doniel UDA,Wilson Peter Harry DOP,Total Votes Rejected ,Ballot Paper Unaccounted for,Total Votes Cast,Total Valid Votes Cast
,,,,Bulawayo Central Constituency,,,,,,,,,,,,,,,,,,,,,,,,       ,,,,
Bulawayo,Bulawayo Central,Bulawayo Municipality,1,City Hall A,0801BYO0101 A,1,511,0,0,0,1,3,12,0,0,1,0,0,0,200,12,0,1,1,0,0,1,0,10,0,754,744
Bulawayo,Bulawayo Central,Bulawayo Municipality,1,City Hall B,0801BYO0101 B,1,491,1,0,0,1,0,18,0,3,0,0,0,0,213,5,0,0,1,0,0,0,0,6,0,740,734
Bulawayo,Bulawayo Central,Bulawayo Municipality,1,Eveline High School,0801BYO0102,0,375,0,0,0,0,0,4,0,0,0,0,0,0,131,7,1,2,1,0,0,0,0,3,0,524,521
Bulawayo,Bulawayo Central,Bulawayo Municipality,1,Mckeurtan Primary School,0801BYO0103,0,129,0,0,0,0,0,4,0,0,0,0,0,0,80,1,0,0,0,1,0,0,0,2,0,217,215
Bulawayo,Bulawayo Central,Bulawayo Municipality,1,Milton Junior School,0801BYO0104,0,213,0,0,0,0,0,6,0,0,1,0,0,0,61,10,0,0,1,0,0,0,0,0,0,292,292
Bulawayo,Bulawayo Central,Bulawayo Municipality,1,Old Bulawayo Polytechnic,0801BYO0105,0,170,0,0,0,0,0,1,0,0,0,0,0,0,69,4,0,0,0,0,0,0,0,1,0,245,244
Bulawayo,Bulawayo Central,Bulawayo Municipality,1,Peter Pan Nursery School,0801BYO0106,0,245,2,0,0,1,2,4,0,0,0,0,0,0,97,3,0,0,0,0,0,0,0,2,0,356,354
Bulawayo,Bulawayo Central,Bulawayo Municipality,1,Pick and Pay Tent,0801BYO0107,1,328,0,1,0,0,0,6,0,0,0,0,0,0,193,2,0,1,3,0,0,0,1,0,0,536,536
Bulawayo,Bulawayo Central,Bulawayo Municipality,1,Robert Tredgold Primary School,0801BYO0108,0,140,0,0,0,0,0,3,0,0,0,0,0,0,78,0,0,1,0,0,0,0,0,3,0,225,222
,,,,9 Polling Stations,Ward Total,3,"2,602",3,1,0,3,5,58,0,3,2,0,0,0,"1,122",44,1,5,7,1,0,1,1,27,0,"3,889","3,862"
,,,,,,,,,,,,,,,,,,,,,,,,,,,,,,,,
Bulawayo,Bulawayo Central,Bulawayo Municipality,2,Airport Primary School,0801BYO0201,0,159,0,0,0,0,0,1,0,0,0,0,0,0,51,1,0,0,0,0,0,0,0,2,0,214,212
Bulawayo,Bulawayo Central,Bulawayo Municipality,2,Aiselby Primary School,0801BYO0202,1,84,1,0,0,0,0,2,0,0,0,0,0,0,14,0,0,0,1,0,0,0,0,0,0,103,103
Bulawayo,Bulawayo Central,Bulawayo Municipality,2,Baines Infants School,0801BYO0203,0,260,1,0,0,0,0,11,1,0,1,0,1,0,100,3,1,0,1,0,0,0,0,2,0,382,380
Bulawayo,Bulawayo Central,Bulawayo Municipality,2,Baines Junior School A,0801BYO0204 A,1,402,1,2,0,2,1,5,0,0,2,0,0,0,177,2,0,0,0,0,0,0,0,4,0,599,595
Bulawayo,Bulawayo Central,Bulawayo Municipality,2,Baines Junior School B,0801BYO0204 B,0,424,1,1,1,1,1,10,0,0,0,1,0,0,152,8,0,0,1,1,0,1,0,7,0,610,603
Bulawayo,Bulawayo Central,Bulawayo Municipality,2,Falls Garage Tent,0801BYO0205,1,167,0,0,0,0,0,8,0,0,2,0,0,0,63,1,0,0,2,0,0,0,0,1,0,245,244
Bulawayo,Bulawayo Central,Bulawayo Municipality,2,Harrisvale Hide out Tent,0801BYO0206,1,197,0,0,0,1,1,4,0,0,0,0,0,0,97,6,0,0,4,0,1,0,0,4,0,316,312
Bulawayo,Bulawayo Central,Bulawayo Municipality,2,Hugh Beadle Primary School A,0801BYO0207 A,1,470,0,0,0,0,0,12,0,0,0,0,0,0,238,4,1,0,3,0,0,0,0,7,4,736,729
Bulawayo,Bulawayo Central,Bulawayo Municipality,2,Hugh Beadle Primary School B,0801BYO0207 B,1,454,2,0,0,2,0,7,0,1,1,0,0,0,242,3,0,2,2,0,0,1,0,4,0,722,718
Bulawayo,Bulawayo Central,Bulawayo Municipality,2,Body and Blood Roman Catholic Church,0801BYO0208,0,78,1,0,0,0,0,2,0,0,0,0,0,0,52,1,0,0,3,0,0,0,0,0,0,137,137
Bulawayo,Bulawayo Central,Bulawayo Municipality,2,Montgomery Hall,0801BYO0209,2,450,1,0,0,2,2,26,1,0,0,0,1,0,197,5,0,0,4,0,2,0,0,4,1,697,693
Bulawayo,Bulawayo Central,Bulawayo Municipality,2,Newmansford Primary School,0801BYO0210,1,478,1,1,0,0,1,16,0,0,0,0,1,0,272,4,0,2,10,1,0,1,0,9,0,798,789
Bulawayo,Bulawayo Central,Bulawayo Municipality,2,Ngozi Mine,0801BYO0211,0,13,1,0,0,0,1,1,0,0,0,0,0,0,4,0,0,0,0,0,0,0,0,1,0,21,20
Bulawayo,Bulawayo Central,Bulawayo Municipality,2,Norwood Tent,0801BYO0212,3,20,0,1,0,0,0,4,0,0,0,0,1,0,40,3,1,0,2,0,0,0,0,2,0,77,75
Bulawayo,Bulawayo Central,Bulawayo Municipality,2,Northend Shopping Centre Tent,0801BYO0213,0,436,1,0,0,1,0,15,0,0,1,0,0,0,185,2,0,0,3,0,1,0,1,2,0,648,646
Bulawayo,Bulawayo Central,Bulawayo Municipality,2,Northlea High School,0801BYO0214,1,115,0,0,1,0,0,6,0,0,0,0,0,0,75,2,0,1,0,0,0,0,0,7,0,208,201
Bulawayo,Bulawayo Central,Bulawayo Municipality,2,Pig Farm (Umvutsha) Tent,0801BYO0215,0,77,0,0,0,0,1,6,0,1,1,1,0,0,41,1,0,1,6,1,1,0,0,5,0,143,138
Bulawayo,Bulawayo Central,Bulawayo Municipality,2,Richmond Club,0801BYO0216,0,60,0,0,0,1,0,1,0,0,0,0,0,0,35,1,0,0,3,0,1,0,0,2,0,104,102
Bulawayo,Bulawayo Central,Bulawayo Municipality,2,Richmond Hall,0801BYO0217,0,288,0,0,0,2,0,8,0,0,0,0,0,0,99,4,0,0,9,1,0,0,0,3,0,414,411
Bulawayo,Bulawayo Central,Bulawayo Municipality,2,Raigate Education Offices,0801BYO0218,0,91,1,0,0,0,0,1,0,0,0,0,0,0,59,2,0,0,1,0,0,0,0,3,0,158,155
Bulawayo,Bulawayo Central,Bulawayo Municipality,2,Tegela Garage Tent,0801BYO0219,0,197,1,0,0,0,1,5,0,0,0,0,0,0,84,1,0,0,1,0,0,1,0,0,0,291,291
Bulawayo,Bulawayo Central,Bulawayo Municipality,2,Trenance Primary School,0801BYO0220,0,385,1,1,0,0,1,6,0,0,0,6,0,0,124,2,1,1,9,0,1,0,1,8,0,547,539
Bulawayo,Bulawayo Central,Bulawayo Municipality,2,Umgusa Primary School,0801BYO0221,1,117,0,0,0,0,0,0,0,0,0,0,0,0,54,0,0,0,0,0,1,0,0,2,0,175,173
Bulawayo,Bulawayo Central,Bulawayo Municipality,2,Umvutsha Farm,0801BYO0222,0,38,0,0,0,0,0,2,0,0,0,0,1,0,31,0,0,1,1,2,0,0,1,3,0,80,77
Bulawayo,,,,24 Polling Stations,Ward Totals,14,"5,460",14,6,2,12,10,159,2,2,8,8,5,0,"2,486",56,4,8,66,6,8,4,3,82,5,"8,425","8,343"
,,,,,,,,,,,,,,,,,,,,,,,,,,,,,,,,
Bulawayo,Bulawayo Central,Bulawayo Municipality,5,Bagcwele Shopping Centre Tent,0801BYO0501,2,94,0,0,0,0,0,1,0,0,2,0,0,0,63,1,0,1,1,0,0,0,0,2,0,167,165
Bulawayo,Bulawayo Central,Bulawayo Municipality,5,Bradfield Shopping Centre Tent A,0801BYO0502 A,1,375,1,0,2,1,0,8,0,0,0,0,0,0,102,9,0,0,1,1,0,0,0,3,0,504,501
Bulawayo,Bulawayo Central,Bulawayo Municipality,5,Bradfield Shopping Centre Tent B,0801BYO0502 B,2,319,0,0,0,0,0,6,0,0,0,1,0,0,141,18,0,1,2,0,0,0,0,0,0,490,490
Bulawayo,Bulawayo Central,Bulawayo Municipality,5,Christ the King Church,0801BYO0503,1,340,0,0,0,2,0,12,0,0,0,0,0,0,138,8,0,3,2,0,1,1,0,5,0,513,508
Bulawayo,Bulawayo Central,Bulawayo Municipality,5,Gifford High School,0801BYO0504,0,427,1,1,0,0,0,6,0,0,0,0,0,0,155,6,2,1,3,1,0,0,0,6,0,609,603
Bulawayo,Bulawayo Central,Bulawayo Municipality,5,Hamilton High School,0801BYO0505,1,155,1,0,0,0,0,7,1,0,2,0,0,0,82,8,0,0,0,0,0,0,0,1,0,258,257
Bulawayo,Bulawayo Central,Bulawayo Municipality,5,Henry Low Primary School,0801BYO0506,0,300,0,1,0,0,0,13,0,0,0,0,0,0,93,5,0,0,0,0,0,0,0,2,0,414,412
Bulawayo,Bulawayo Central,Bulawayo Municipality,5,Hillside Scout A Hall,0801BYO0507,1,342,1,0,0,2,0,12,0,0,1,0,0,0,164,6,1,0,3,0,0,0,1,2,0,536,534
Bulawayo,Bulawayo Central,Bulawayo Municipality,5,Hillside Scout B Hall,0801BYO0508,0,181,2,0,0,1,0,2,0,0,0,0,0,0,63,10,0,0,1,0,0,0,1,2,0,263,261
Bulawayo,Bulawayo Central,Bulawayo Municipality,5,Hornoung Park Tent,0801BYO0509,1,173,0,0,0,3,0,6,0,0,0,1,0,0,73,3,0,1,3,0,0,0,1,2,0,267,265
Bulawayo,Bulawayo Central,Bulawayo Municipality,5,Mentessari Primary School,0801BYO0510,2,111,0,0,0,0,0,5,1,0,0,0,1,0,35,3,1,0,1,0,0,0,0,0,0,160,160
Bulawayo,Bulawayo Central,Bulawayo Municipality,5,Milton High School,0801BYO0511,2,494,3,1,1,4,0,15,0,0,0,0,0,0,184,15,0,4,2,0,0,0,1,6,0,732,726
Bulawayo,Bulawayo Central,Bulawayo Municipality,5,Montrose Girls High School,0801BYO0512,0,179,0,0,0,0,0,8,0,0,1,0,0,0,63,1,0,0,1,0,0,0,0,2,0,255,253
Bulawayo,Bulawayo Central,Bulawayo Municipality,5,Moray Primary School,0801BYO0513,1,356,1,1,0,2,2,10,1,0,0,0,0,1,109,8,0,0,2,2,0,0,1,2,0,499,497
Bulawayo,Bulawayo Central,Bulawayo Municipality,5,Morningside Shopping Centre Tent,0801BYO0514,1,551,1,1,1,0,0,13,0,0,4,0,0,0,184,9,1,0,1,0,1,1,1,2,0,772,770
Bulawayo,Bulawayo Central,Bulawayo Municipality,5,Retreat Shopping Centre Tent,0801BYO0515,1,435,1,2,0,0,0,17,0,0,0,0,0,0,189,6,1,2,2,0,0,0,1,5,0,662,657
Bulawayo,Bulawayo Central,Bulawayo Municipality,5,Riverside College,0801BYO0516,0,21,0,0,0,0,0,0,0,0,0,0,0,0,6,2,0,1,0,0,0,0,0,0,0,30,30
Bulawayo,Bulawayo Central,Bulawayo Municipality,5,St Francis Primary School,0801BYO0517,0,156,0,0,0,0,1,3,0,0,0,0,0,0,62,1,0,0,0,0,1,0,0,1,0,225,224
,,,,18 Polling Stations,Ward Total,16,"5,009",12,7,4,15,3,144,3,0,10,2,1,1,"1,906",119,6,14,25,4,3,2,7,43,0,"7,356","7,313"
,,,,,,,,,,,,,,,,,,,,,,,,,,,,,,,,
,,,,Bulawayo Central Constituency Totals,,33,"13,071",29,14,6,30,18,361,5,5,20,10,6,1,"5,514",219,11,27,98,11,11,7,11,152,5,"19,670","19,518"
,,,,,,,,,,,,,,,,,,,,,,,,,,,,,,,,
,,,,Bulawayo East Constituency,,,,,,,,,,,,,,,,,,,,,,,,,,,,
,Bulawayo East,Bulawayo Municipality,3,Amazon Primary School,0801BYO0301,1,537,0,1,0,0,2,11,0,0,3,0,0,0,167,5,0,0,1,1,0,2,0,2,0,733,731
Bulawayo,Bulawayo East,Bulawayo Municipality,3,Carmel Primary School,0801BYO0302,0,162,1,0,0,0,0,2,0,0,0,0,0,0,152,2,0,0,0,0,0,0,0,1,0,320,319
Bulawayo,Bulawayo East,Bulawayo Municipality,3,Devine Mercy Catholic Church A,0801BYO0303 A,4,390,0,1,0,0,1,10,0,0,0,0,0,0,139,4,0,0,1,0,0,4,0,2,0,556,554
Bulawayo,Bulawayo East,Bulawayo Municipality,3,Devine Mercy Catholic Church B,0801BYO0303 B,3,400,1,0,0,0,0,9,0,0,0,0,0,0,122,4,0,0,0,1,0,0,1,6,0,547,541
Bulawayo,Bulawayo East,Bulawayo Municipality,3,King George VI,0801BYO0304,3,291,0,0,0,0,0,8,1,0,2,0,0,0,251,6,0,0,2,0,0,0,0,2,0,566,564
Bulawayo,Bulawayo East,Bulawayo Municipality,3,Kumalo Primary School A,0801BYO0305 A,1,290,0,0,0,0,0,12,0,0,0,0,0,0,117,6,0,0,0,0,0,0,0,7,0,433,426
Bulawayo,Bulawayo East,Bulawayo Municipality,3,Kumalo Primary School B,0801BYO0305 B,0,291,1,0,1,1,0,6,0,0,0,0,0,0,124,4,0,0,1,0,0,0,4,2,0,435,433
Bulawayo,Bulawayo East,Bulawayo Municipality,3,Mahatshula Primary School A,0801BYO0306 A,2,309,1,0,0,1,0,6,0,0,0,0,0,0,99,5,0,1,0,0,0,0,0,2,0,426,424
Bulawayo,Bulawayo East,Bulawayo Municipality,3,Mahatshula Primary School B,0801BYO0306 B,1,324,0,1,0,0,0,5,0,0,1,0,0,0,85,3,0,0,0,0,0,0,0,5,0,425,420
Bulawayo,Bulawayo East,Bulawayo Municipality,3,NUST Tent,0801BYO0307,0,177,0,0,0,0,0,10,0,0,0,0,0,0,49,9,0,0,2,0,0,0,0,5,0,252,247
Bulawayo,Bulawayo East,Bulawayo Municipality,3,Old Nic Mine,0801BYO0308,3,285,1,0,0,1,1,11,0,0,0,0,0,2,154,4,0,1,5,0,0,0,0,7,0,475,468
Bulawayo,Bulawayo East,Bulawayo Municipality,3,Roman Catholic University A,0801BYO0309 A,0,443,0,0,0,0,0,7,0,0,0,0,0,0,287,9,0,0,0,1,0,0,1,4,0,752,748
Bulawayo,Bulawayo East,Bulawayo Municipality,3,Roman Catholic University B,0801BYO0309 B,0,449,0,0,0,1,1,5,0,0,1,0,0,0,273,10,0,0,1,0,0,0,0,0,0,741,741
Bulawayo,Bulawayo East,Bulawayo Municipality,3,Roman Catholic University C,0801BYO0309 C,0,471,0,1,1,0,0,12,0,0,1,2,0,0,243,9,1,0,3,0,0,0,0,3,0,747,744
Bulawayo,Bulawayo East,Bulawayo Municipality,3,School of Mines,0801BYO0310,0,321,0,0,0,0,0,14,0,0,2,0,0,1,105,10,0,0,4,0,0,0,0,5,0,462,457
Bulawayo,Bulawayo East,Bulawayo Municipality,3,St Thomas Aquinas Primary School,0801BYO0311,0,467,0,0,0,2,0,11,0,0,1,0,0,0,173,7,0,4,1,0,0,0,0,6,1,672,666
Bulawayo,Bulawayo East,Bulawayo Municipality,3,Thomas Rudland Primary School A,0801BYO0312 A,1,383,1,0,0,1,1,10,0,0,1,0,0,0,168,4,0,0,3,0,0,0,0,3,0,576,573
Bulawayo,Bulawayo East,Bulawayo Municipality,3,Thomas Rudland Primary School B,0801BYO0312 B,1,394,0,0,0,0,0,4,0,0,1,0,0,0,165,2,0,1,1,0,0,0,0,1,0,570,569
Bulawayo,Bulawayo East,Bulawayo Municipality,3,Woodville Primary School,0801BYO0313,1,262,0,1,0,1,1,8,0,2,0,1,0,1,153,2,0,0,1,1,1,0,0,8,0,444,436
,,,,19 Polling Stations,Ward Total,21,"6,646",6,5,2,8,7,161,1,2,13,3,0,4,"3,026",105,1,7,26,4,1,6,6,71,1,"10,132","10,061"
,,,,,,,,,,,,,,,,,,,,,,,,,,,,,,,,
Bulawayo,Bulawayo East,Bulawayo Municipality,4,Burnside Garage Tent A,0801BYO0401 A,1,443,0,0,0,3,0,5,0,1,0,0,0,0,171,5,0,0,3,3,0,1,0,5,0,641,636
Bulawayo,Bulawayo East,Bulawayo Municipality,4,Burnside Garage Tent B,0801BYO0401 B,4,472,2,1,0,2,1,10,0,0,0,0,0,0,134,4,0,1,0,0,0,0,0,11,0,642,631
Bulawayo,Bulawayo East,Bulawayo Municipality,4,Ekusileni Hospital Tent A,0801BYO0402 A,1,292,2,0,0,2,0,9,1,0,1,0,1,0,126,6,0,0,0,0,0,0,0,2,0,443,441
Bulawayo,Bulawayo East,Bulawayo Municipality,4,Ekusileni Hospital Tent B,0801BYO0402 B,0,304,2,0,0,1,1,11,0,0,2,0,0,0,116,3,0,2,1,0,0,2,0,2,0,447,445
Bulawayo,Bulawayo East,Bulawayo Municipality,4,Hillside Junior School A,0801BYO0403 A,1,386,0,0,0,1,1,6,0,0,0,0,0,0,192,3,0,1,1,0,1,0,1,1,2,595,594
Bulawayo,Bulawayo East,Bulawayo Municipality,4,Hillside Junior School B,0801BYO0403 B,0,430,2,0,0,0,0,9,1,0,0,0,0,0,148,4,0,1,1,0,0,1,0,6,0,603,597
Bulawayo,Bulawayo East,Bulawayo Municipality,4,Hillside Teachers' College,0801BYO0404,1,329,0,0,0,0,1,15,1,0,0,0,0,0,163,6,0,1,3,0,2,1,1,7,0,531,524
Bulawayo,Bulawayo East,Bulawayo Municipality,4,Leeside Shopping Centre A,0801BYO0405 A,1,441,2,0,0,0,1,10,0,0,0,0,0,0,139,8,0,1,1,0,0,2,0,4,0,610,606
Bulawayo,Bulawayo East,Bulawayo Municipality,4,Leeside Shopping Centre B,0801BYO0405 B,0,434,0,0,0,4,0,7,1,0,0,0,0,0,161,15,0,1,0,0,0,1,0,7,0,631,624
Bulawayo,Bulawayo East,Bulawayo Municipality,4,Lockview Primary School,0801BYO0406,2,505,0,0,0,3,1,18,1,0,0,0,0,1,256,8,0,2,0,0,1,0,1,11,0,810,799
Bulawayo,Bulawayo East,Bulawayo Municipality,4,Masiyepambili Primary School,0801BYO0407,0,512,1,0,0,1,1,16,1,0,0,0,0,0,162,17,1,0,2,0,0,0,0,8,0,722,714
Bulawayo,Bulawayo East,Bulawayo Municipality,4,Riverside Simulation Centre Tent,0801BYO0408,0,132,0,0,0,1,0,4,0,0,1,0,0,1,64,2,0,1,0,0,0,0,0,2,0,208,206
Bulawayo,Bulawayo East,Bulawayo Municipality,4,Sandra Joans Centre Tent,0801BYO0409,1,84,0,0,1,0,0,7,0,0,0,0,0,0,41,2,0,0,0,0,0,0,0,1,0,137,136
Bulawayo,Bulawayo East,Bulawayo Municipality,4,Townsend High School,0801BYO0410,1,517,1,1,0,1,0,13,0,0,0,0,0,0,158,11,0,1,2,0,0,0,0,8,0,714,706
Bulawayo,Bulawayo East,Bulawayo Municipality,4,Willsgroove Tent,0801BYO0411,0,20,0,1,0,0,0,3,0,0,0,0,0,1,5,0,0,0,0,0,0,0,0,0,0,30,30
Bulawayo,Bulawayo East,Bulawayo Municipality,4,Waterford Primary School,0801BYO0412,3,387,1,0,0,1,0,13,0,0,0,0,0,0,147,14,0,1,2,0,0,6,0,5,0,580,575
,,,,16 Polling Station ,Ward Total,16,"5,688",13,3,1,20,7,156,6,1,4,0,1,3,"2,183",108,1,13,16,3,4,14,3,80,2,"8,344","8,264"
,,,,,,,,,,,,,,,,,,,,,,,,,,,,,,,,
,,,,Bulawayo East Constituency Total ,,37,"12,334",19,8,3,28,14,317,7,3,17,3,1,7,"5,209",213,2,20,42,7,5,20,9,151,3,"18,476","18,325"
,,,,,,,,,,,,,,,,,,,,,,,,,,,,,,,,
,,,,Bulawayo South Constituency,,,,,,,,,,,,,,,,,,,,,,,,,,,,
Bulawayo,Bulawayo South,Bulawayo Municipality,6,Barham Green Hall,0801BYO0601,2,389,1,0,0,0,1,6,0,0,1,0,1,0,167,9,1,2,3,1,0,1,2,1,0,588,587
Bulawayo,Bulawayo South,Bulawayo Municipality,6,Barham Green Primary School,0801BYO0602,0,544,1,0,0,0,1,12,0,0,1,0,0,0,194,9,0,0,3,0,1,0,0,6,1,772,766
Bulawayo,Bulawayo South,Bulawayo Municipality,6,Bellevue Shopping Centre Tent,0801BYO0603,1,539,3,0,0,1,3,10,1,0,0,0,0,0,257,3,0,0,0,0,2,0,2,11,0,833,822
Bulawayo,Bulawayo South,Bulawayo Municipality,6,Greenfield Primary School A,0801BYO0604 A,1,423,0,0,0,0,0,7,0,0,2,0,0,0,151,6,0,1,1,2,0,0,0,1,0,595,594
Bulawayo,Bulawayo South,Bulawayo Municipality,6,Greenfield Primary School B,0801BYO0604 B,0,428,2,1,0,1,0,12,0,0,1,0,0,0,142,6,0,0,1,1,0,0,0,2,0,597,595
Bulawayo,Bulawayo South,Bulawayo Municipality,6,Jocks Shopping Centre Tent A,0801BYO0605 A,1,333,1,0,0,2,2,10,0,0,0,0,0,0,149,7,0,0,0,0,1,0,0,18,0,524,506
Bulawayo,Bulawayo South,Bulawayo Municipality,6,Jocks Shopping Centre Tent B,0801BYO0605 B,0,311,2,0,0,0,2,16,0,0,0,1,0,0,171,8,0,1,2,1,1,0,0,4,0,520,516
Bulawayo,Bulawayo South,Bulawayo Municipality,6,Sidojiwe Flats Tent,0801BYO0606,1,175,0,0,1,2,1,6,0,0,0,1,0,0,139,1,0,0,1,0,1,0,0,3,0,332,329
,,,,8 Polling Stations,Ward Total,6,"3,142",10,1,1,6,10,79,1,0,5,2,1,0,"1,370",49,1,4,11,5,6,1,4,46,1,"4,761","4,715"
,,,,,,,,,,,,,,,,,,,,,,,,,,,,,,,,
Bulawayo,Bulawayo South,Bulawayo Municipality,21,Hlabangana Shopping Centre,0801BYO2101,0,330,2,0,0,0,2,7,0,0,0,0,0,0,148,5,0,1,6,0,0,0,0,2,0,503,501
Bulawayo,Bulawayo South,Bulawayo Municipality,21,Ihlathi High School,0801BYO2102,1,528,1,0,0,1,0,21,0,0,1,0,0,0,185,4,0,0,5,0,0,0,0,4,0,751,747
Bulawayo,Bulawayo South,Bulawayo Municipality,21,Intunta A Primary School A,0801BYO2103 A,0,402,0,0,0,1,0,10,0,0,0,1,0,0,125,0,2,0,13,0,1,0,0,2,0,557,555
Bulawayo,Bulawayo South,Bulawayo Municipality,21,Intunta A Primary School B,0801BYO2103 B,0,382,1,0,1,0,0,8,0,1,0,0,0,0,153,0,0,0,16,0,0,0,0,6,0,568,562
Bulawayo,Bulawayo South,Bulawayo Municipality,21,Intunta B Primary School,0801BYO2104,1,294,0,0,0,1,0,4,0,0,0,0,0,0,87,0,0,1,6,0,0,1,1,8,0,404,396
Bulawayo,Bulawayo South,Bulawayo Municipality,21,Mahlabezulu A Primary School,0801BYO2105,2,534,1,0,0,3,1,11,0,0,1,0,0,0,203,0,0,2,6,0,0,1,0,6,0,771,765
Bulawayo,Bulawayo South,Bulawayo Municipality,21,Mahlabezulu B Primary School,0801BYO2106,1,208,0,0,0,0,0,2,0,0,0,0,0,0,101,1,0,0,1,0,0,0,0,4,0,318,314
Bulawayo,Bulawayo South,Bulawayo Municipality,21,Mapisa A Primary School A,0801BYO2107 A,0,265,0,0,0,1,0,5,0,0,0,0,0,0,151,1,0,1,5,0,0,0,0,1,0,430,429
Bulawayo,Bulawayo South,Bulawayo Municipality,21,Mapisa A Primary School B,0801BYO2107 B,2,307,0,0,0,0,1,12,0,0,0,0,0,1,104,1,0,0,4,0,1,0,0,2,0,435,433
Bulawayo,Bulawayo South,Bulawayo Municipality,21,Mapisa B Primary School,0801BYO2108,0,87,0,0,0,0,0,4,0,0,1,0,0,0,53,2,0,0,2,1,0,0,0,1,0,151,150
Bulawayo,Bulawayo South,Bulawayo Municipality,21,Masuku A Primary School A,0801BYO2109 A,0,327,3,1,0,1,0,10,0,0,0,0,1,0,131,2,0,1,2,0,0,1,0,1,0,481,480
Bulawayo,Bulawayo South,Bulawayo Municipality,21,Masuku A Primary School B,0801BYO2109 B,1,322,1,0,1,0,2,12,0,0,0,1,0,0,124,0,0,2,1,0,0,0,0,2,1,469,467
Bulawayo,Bulawayo South,Bulawayo Municipality,21,Masuku B Primary School A,0801BYO2110 A,2,320,1,0,0,0,0,25,0,1,0,0,0,0,131,1,0,1,2,0,0,0,0,3,0,487,484
Bulawayo,Bulawayo South,Bulawayo Municipality,21,Masuku B Primary School B,0801BYO2110 B,0,330,2,0,0,0,0,26,0,0,0,0,0,0,129,2,0,0,1,0,1,0,0,2,0,493,491
Bulawayo,Bulawayo South,Bulawayo Municipality,21,Mhlahlandlela Pre-School,0801BYO2111,1,279,0,0,0,0,0,17,0,0,0,0,0,0,110,1,0,0,0,0,0,1,0,2,0,411,409
Bulawayo,Bulawayo South,Bulawayo Municipality,21,Sizinda Hall A,0801BYO2112 A,2,465,1,0,0,0,0,16,0,0,0,0,0,0,160,2,0,1,9,0,0,0,0,4,0,660,656
Bulawayo,Bulawayo South,Bulawayo Municipality,21,Sizinda Hall B,0801BYO2112 B,0,457,1,0,0,0,4,10,0,0,0,0,0,0,152,0,0,1,6,0,0,0,0,4,0,635,631
Bulawayo,Bulawayo South,Bulawayo Municipality,21,Sizinda Pre-School,0801BYO2113,1,451,0,0,0,1,1,15,0,1,0,0,0,0,164,3,0,1,6,0,0,0,0,10,0,654,644
Bulawayo,Bulawayo South,Bulawayo Municipality,21,Tshabalala Ext Shopping Centre,0801BYO2114,1,423,1,0,0,0,2,14,0,0,0,0,0,0,158,3,0,0,6,0,1,0,0,2,0,611,609
,,,,19 Polling Stations,Ward total,15,"6,711",15,1,2,9,13,229,0,3,3,2,1,1,"2,569",28,2,12,97,1,4,4,1,66,1,"9,789","9,723"
,,,,,,,,,,,,,,,,,,,,,,,,,,,,,,,,
,,,,Bulawayo South ConstituencyTotal,,21,"9,853",25,2,3,15,23,308,1,3,8,4,2,1,"3,939",77,3,16,108,6,10,5,5,112,2,"14,550","14,438"
,,,,,,,,,,,,,,,,,,,,,,,,,,,,,,,,
,,,,Emakhandeni-Entumbane Constituency,,,,,,,,,,,,,,,,,,,,,,,,,,,,
Bulawayo,Emakhandeni-Entumbane,Bulawayo Municipality,10,Entumbane High School A,0801BYO1001 A,1,528,1,0,0,0,0,12,0,0,0,0,0,0,166,1,1,2,1,0,1,0,1,7,0,722,715
Bulawayo,Emakhandeni-Entumbane,Bulawayo Municipality,10,Entumbane High School B,0801BYO1001 B,0,547,0,0,0,0,1,9,0,1,0,0,0,0,150,4,0,2,1,0,1,0,0,5,0,721,716
Bulawayo,Emakhandeni-Entumbane,Bulawayo Municipality,10,Entumbane Hall A,0801BYO1002 A,2,488,1,0,1,0,2,8,1,0,0,0,0,0,185,3,0,0,1,0,0,0,1,5,0,698,693
Bulawayo,Emakhandeni-Entumbane,Bulawayo Municipality,10,Entumbane Hall B,0801BYO1002 B,2,484,3,0,0,1,0,20,1,0,0,0,0,0,174,3,0,1,3,0,0,0,2,5,0,699,694
Bulawayo,Emakhandeni-Entumbane,Bulawayo Municipality,10,Entumbane Hall C,0801BYO1002 C,2,479,2,1,1,4,5,12,1,0,0,0,0,0,153,4,0,1,1,1,0,2,0,5,0,674,669
Bulawayo,Emakhandeni-Entumbane,Bulawayo Municipality,10,Mthombowesizwe A Primary School A,0801BYO1003 A,3,436,1,0,0,0,1,13,1,0,0,0,0,1,160,2,0,0,1,0,0,0,0,6,0,625,619
Bulawayo,Emakhandeni-Entumbane,Bulawayo Municipality,10,Mthombowesizwe A Primary School B,0801BYO1003 B,3,457,1,0,0,1,0,18,0,0,0,0,0,0,149,0,0,0,3,1,0,0,1,4,0,638,634
Bulawayo,Emakhandeni-Entumbane,Bulawayo Municipality,10,Mthombowesizwe B Primary School A,0801BYO1004 A,1,336,0,0,0,0,2,9,0,0,0,0,0,0,115,0,0,0,2,0,0,0,0,6,0,471,465
Bulawayo,Emakhandeni-Entumbane,Bulawayo Municipality,10,Mthombowesizwe B Primary School B,0801BYO1004 B,1,342,1,1,0,2,2,11,0,0,0,1,0,0,104,2,0,0,1,0,0,0,0,2,0,470,468
Bulawayo,Emakhandeni-Entumbane,Bulawayo Municipality,10,Ntabeni Primary School A,0801BYO1005 A,1,325,1,1,0,1,0,11,0,0,0,0,1,0,141,1,0,0,0,0,0,0,0,8,0,491,483
Bulawayo,Emakhandeni-Entumbane,Bulawayo Municipality,10,Ntabeni Primary School B,0801BYO1005 B,1,354,0,0,0,0,0,7,0,0,2,1,0,0,136,0,0,0,2,0,1,0,0,6,0,510,504
Bulawayo,Emakhandeni-Entumbane,Bulawayo Municipality,10,Yona Shopping Centre Tent A,0801BYO1007 A,0,307,0,0,0,1,0,3,0,0,0,0,0,0,128,2,0,0,2,0,1,0,1,10,0,455,445
Bulawayo,Emakhandeni-Entumbane,Bulawayo Municipality,10,Yona Shopping Centre Tent B,0801BYO1007 B,0,319,1,0,0,0,0,13,0,0,0,0,0,0,133,3,0,1,1,0,0,0,0,4,0,475,471
Bulawayo,Emakhandeni-Entumbane,Bulawayo Municipality,10,Zulukandaba A Primary School A,0801BYO1008 A,1,468,2,0,0,0,0,11,0,0,0,0,0,0,165,2,0,1,1,0,0,2,0,6,0,659,653
Bulawayo,Emakhandeni-Entumbane,Bulawayo Municipality,10,Zulukandaba A Primary School B,0801BYO1008 B,1,453,2,0,1,0,2,13,1,1,0,1,0,0,156,5,0,0,1,0,1,1,1,8,0,648,640
Bulawayo,Emakhandeni-Entumbane,Bulawayo Municipality,10,Zulukandaba B Primary School,0801BYO1009,2,326,4,1,1,1,1,8,1,0,0,0,0,0,100,1,0,2,0,0,0,0,0,6,0,454,448
,,,,16 Polling Stations,Ward Totals,21,"6,649",20,4,4,11,16,178,6,2,2,3,1,1,"2,315",33,1,10,21,2,5,5,7,93,0,"9,410","9,317"
,,,,,,,,,,,,,,,,,,,,,,,,,,,,,,,,
Bulawayo,Emakhandeni-Entumbane,Bulawayo Municipality,11,Easy Pick Shopping Centre Tent A,0801BYO1101 A,1,300,0,1,1,3,0,9,1,0,0,0,0,1,145,4,0,1,6,1,1,0,0,1,0,476,475
Bulawayo,Emakhandeni-Entumbane,Bulawayo Municipality,11,Easy Pick Shopping Centre Tent B,0801BYO1101 B,1,291,3,0,0,5,2,8,0,0,1,0,2,0,142,2,1,0,2,0,0,0,0,5,0,465,460
Bulawayo,Emakhandeni-Entumbane,Bulawayo Municipality,11,Emakhandeni Hall,0801BYO1102,1,281,1,0,0,1,0,17,0,0,0,0,0,0,105,1,0,0,2,1,3,0,0,3,0,416,413
Bulawayo,Emakhandeni-Entumbane,Bulawayo Municipality,11,Emakhandeni A Primary School A,0801BYO1103 A,0,305,3,0,0,2,0,19,0,0,0,0,0,0,108,1,0,0,6,0,0,0,2,3,0,449,446
Bulawayo,Emakhandeni-Entumbane,Bulawayo Municipality,11,Emakhandeni A Primary School B,0801BYO1103 B,2,306,1,0,2,1,0,8,0,0,0,0,0,0,113,0,0,0,4,0,0,1,0,4,0,442,438
Bulawayo,Emakhandeni-Entumbane,Bulawayo Municipality,11,Emakhandeni B Primary School,0801BYO1104,0,114,1,0,0,0,0,8,0,0,0,0,0,0,80,3,0,0,1,0,0,0,0,2,0,209,207
Bulawayo,Emakhandeni-Entumbane,Bulawayo Municipality,11,Emakhandeni A Secondary School A,0801BYO1105 A,2,313,1,0,1,1,0,7,1,1,0,0,0,0,101,1,0,1,2,0,2,0,0,5,1,439,434
Bulawayo,Emakhandeni-Entumbane,Bulawayo Municipality,11,Emakhandeni A Secondary School B,0801BYO1105 B,1,334,0,0,0,1,1,8,0,0,0,0,0,0,88,0,1,1,3,0,1,0,1,6,0,446,440
Bulawayo,Emakhandeni-Entumbane,Bulawayo Municipality,11,Emakhandeni B Secondary School,0801BYO1106,1,187,1,0,0,0,1,5,0,0,0,0,0,0,55,0,0,0,2,0,0,0,0,2,0,254,252
Bulawayo,Emakhandeni-Entumbane,Bulawayo Municipality,11,Josiah Chinamano Primary School,0801BYO1107,0,243,1,2,0,0,0,10,0,0,0,0,0,0,103,1,0,0,3,1,1,0,0,8,0,373,365
Bulawayo,Emakhandeni-Entumbane,Bulawayo Municipality,11,Mawunga Shopping Centre Tent A,0801BYO1108 A,0,358,0,1,0,1,3,10,0,0,1,0,0,0,136,4,0,0,8,0,1,0,0,3,0,526,523
Bulawayo,Emakhandeni-Entumbane,Bulawayo Municipality,11,Mawunga Shopping Centre Tent B,0801BYO1108 B,1,349,0,0,0,0,1,12,0,0,0,0,1,0,126,5,0,1,8,0,0,0,1,6,0,511,505
Bulawayo,Emakhandeni-Entumbane,Bulawayo Municipality,11,Mtshingwe A Primary School,0801BYO1109,1,292,0,0,0,1,1,4,0,0,0,0,0,0,70,3,0,0,7,0,0,0,1,5,0,385,380
Bulawayo,Emakhandeni-Entumbane,Bulawayo Municipality,11,Mtshingwe B Primary School,0801BYO1110,0,65,0,0,1,0,1,1,0,0,0,0,0,0,20,1,0,0,1,1,0,0,0,0,0,91,91
Bulawayo,Emakhandeni-Entumbane,Bulawayo Municipality,11,Woza Woza Shopping Centre Tent,0801BYO1111,2,450,0,0,0,2,0,21,1,0,0,0,0,0,200,3,0,1,0,1,0,1,1,6,0,689,683
,,,,15 Polling Stations,Ward Totals,13,"4,188",12,4,5,18,10,147,3,1,2,0,3,1,"1,592",29,2,5,55,5,9,2,6,59,1,"6,171","6,112"
,,,,,,,,,,,,,,,,,,,,,,,,,,,,,,,,
,,,,Emakhandeni-Entumbane Constituency Total,,34,"10,837",32,8,9,29,26,325,9,3,4,3,4,2,"3,907",62,3,15,76,7,14,7,13,152,1,"15,581","15,429"
,,,,,,,,,,,,,,,,,,,,,,,,,,,,,,,,
,,,,Lobengula Constituency,,,,,,,,,,,,,,,,,,,,,,,,,,,,
Bulawayo,Lobengula,Bulawayo Municipality,12,Helemu Primary School A,0801BYO1201 A,0,361,1,1,0,1,0,11,0,0,0,0,1,0,136,2,0,0,1,0,0,1,0,8,0,524,516
Bulawayo,Lobengula,Bulawayo Municipality,12,Helemu Primary School B,0801BYO1201 B,2,338,0,0,0,4,0,18,0,0,0,0,0,0,152,3,0,0,4,1,0,0,0,4,0,526,522
Bulawayo,Lobengula,Bulawayo Municipality,12,Ingubo Primary School,0801BYO1202,0,366,1,1,0,4,1,14,0,0,1,1,0,0,166,0,1,2,2,0,0,1,0,11,0,572,561
Bulawayo,Lobengula,Bulawayo Municipality,12,Insukamini Primary School,0801BYO1203,1,393,1,0,0,0,1,11,0,0,0,0,1,0,159,3,0,0,1,1,0,0,0,9,0,581,572
Bulawayo,Lobengula,Bulawayo Municipality,12,Lobengula A Secondary School,0801BYO1204,0,388,0,0,0,2,0,9,2,0,0,0,0,0,157,2,0,2,4,1,0,0,0,2,0,569,567
Bulawayo,Lobengula,Bulawayo Municipality,12,Lobengula B Secondary School,0801BYO1205,1,180,1,0,0,1,0,6,0,0,0,0,2,0,95,0,0,0,0,0,0,1,0,1,0,288,287
Bulawayo,Lobengula,Bulawayo Municipality,12,Lutheran Church,0801BYO1206,2,394,2,1,0,0,0,12,0,0,0,0,0,1,188,1,0,0,2,1,0,0,0,6,0,610,604
Bulawayo,Lobengula,Bulawayo Municipality,12,Mpande Youth Centre,0801BYO1207,0,222,0,0,0,0,0,11,0,0,0,1,0,0,117,3,0,1,4,0,0,0,0,5,0,364,359
Bulawayo,Lobengula,Bulawayo Municipality,12,Mtshede A Primary School,0801BYO1208,1,458,0,0,0,2,1,18,0,0,0,1,0,0,226,2,1,0,6,0,0,0,1,11,0,728,717
Bulawayo,Lobengula,Bulawayo Municipality,12,Mtshede B Primary School,0801BYO1209,0,171,0,0,1,1,0,11,0,1,0,0,0,0,114,2,0,0,3,0,0,1,0,0,0,305,305
Bulawayo,Lobengula,Bulawayo Municipality,12,Njube Hall,0801BYO1210,3,326,2,0,0,2,0,10,1,2,0,1,0,0,186,2,0,2,3,1,0,0,1,1,0,543,542
Bulawayo,Lobengula,Bulawayo Municipality,12,Njube High School,0801BYO1211,3,491,2,0,0,2,0,26,0,0,0,0,0,0,228,5,0,0,9,2,0,0,1,4,0,773,769
Bulawayo,Lobengula,Bulawayo Municipality,12,Nyamande Primary School A,0801BYO1212 A,2,437,1,0,1,3,1,15,1,0,0,0,1,0,236,1,0,0,2,0,0,1,0,9,0,711,702
Bulawayo,Lobengula,Bulawayo Municipality,12,Nyamande Primary School B,0801BYO1212 B,1,454,0,0,1,1,0,24,0,0,0,0,1,0,209,2,0,2,5,0,0,0,0,4,0,704,700
Bulawayo,Lobengula,Bulawayo Municipality,12,Nyamande Primary School C,0801BYO1212 C,1,418,1,0,1,2,0,30,0,1,0,0,1,0,211,2,0,2,7,2,0,2,1,6,0,688,682
,,,,15 Polling Stations,Ward Totals,17,"5,397",12,3,4,25,4,226,4,4,1,4,7,1,"2,580",30,2,11,53,9,0,7,4,81,0,"8,486","8,405"
,,,,,,,,,,,,,,,,,,,,,,,,,,,,,,,,
Bulawayo,Lobengula,Bulawayo Municipality,14,Inkanyezi Primary School A,0801BYO1401 A,4,532,0,0,0,3,2,10,0,0,0,1,1,1,244,1,1,1,4,0,0,1,2,4,1,812,808
Bulawayo,Lobengula,Bulawayo Municipality,14,Inkanyezi Primary School B,0801BYO1401 B,2,546,3,0,0,7,0,15,1,0,4,0,2,1,201,3,0,2,3,1,1,0,2,7,0,801,794
Bulawayo,Lobengula,Bulawayo Municipality,14,Inkanyezi Primary School C,0801BYO1401 C,3,564,1,0,0,2,1,17,0,0,2,0,1,0,191,2,0,0,4,0,0,2,3,8,0,801,793
Bulawayo,Lobengula,Bulawayo Municipality,14,Konron Shopping Centre A,0801BYO1402 A,3,307,2,0,0,1,1,10,0,0,0,0,0,0,132,2,1,0,4,0,0,0,1,0,0,464,464
Bulawayo,Lobengula,Bulawayo Municipality,14,Konron Shopping Centre B,0801BYO1402 B,0,298,1,0,0,0,1,17,0,2,1,0,1,1,133,1,0,1,2,0,0,0,0,4,0,463,459
Bulawayo,Lobengula,Bulawayo Municipality,14,Lobengula Esiqongweni,0801BYO1403,2,157,1,0,0,2,0,9,0,0,0,0,0,0,80,1,1,0,0,0,0,0,0,7,0,260,253
Bulawayo,Lobengula,Bulawayo Municipality,14,Lobengula Hall A,0801BYO1404 A,1,347,0,0,0,0,0,24,0,0,0,0,0,0,145,1,0,0,6,1,0,0,3,3,0,531,528
Bulawayo,Lobengula,Bulawayo Municipality,14,Lobengula Hall B,0801BYO1404 B,2,336,1,0,0,3,1,10,0,0,0,0,0,0,153,3,1,0,0,0,0,1,1,2,0,514,512
Bulawayo,Lobengula,Bulawayo Municipality,14,Mawaba Primary School,0801BYO1405,3,506,1,0,0,3,2,15,0,0,0,0,0,1,176,10,0,0,1,1,1,0,1,6,0,727,721
Bulawayo,Lobengula,Bulawayo Municipality,14,Sikhulile Secondary School A,0801BYO1406 A,1,317,0,2,0,0,2,7,0,0,0,0,2,0,127,4,0,0,3,1,0,0,0,6,0,472,466
Bulawayo,Lobengula,Bulawayo Municipality,14,Sikhulile Secondary School B,0801BYO1406 B,0,313,0,1,0,1,0,12,0,0,0,0,0,0,115,8,0,0,2,0,0,1,0,5,0,458,453
Bulawayo,Lobengula,Bulawayo Municipality,14,Miracles of Seed Faith Church,0801BYO1407,0,194,2,2,0,0,0,6,0,0,0,0,0,0,96,0,0,0,4,1,0,1,0,0,0,306,306
,,,,12 Polling Stations,Ward Totals,21,"4,417",12,5,0,22,10,152,1,2,7,1,7,4,"1,793",36,4,4,33,5,2,6,13,52,1,"6,609","6,557"
,,,,,,,,,,,,,,,,,,,,,,,,,,,,,,,,
,,,,Lobengula Constituency Totals,,38,"9,814",24,8,4,47,14,378,5,6,8,5,14,5,"4,373",66,6,15,86,14,2,13,17,133,1,"15,095","14,962"
,,,,,,,,,,,,,,,,,,,,,,,,,,,,,,,,
,, ,,Luveve Constituency,,,,,,,,,,,,,,,,,,,,,,,,,,,,
Bulawayo,Luveve,Bulawayo Municipality,15,Luveve Beit Hall,0801BYO1501,1,272,1,0,0,0,0,23,0,0,0,0,0,0,114,5,0,0,3,0,0,0,0,5,0,424,419
Bulawayo,Luveve,Bulawayo Municipality,15,Luveve A Primary School,0801BYO1502,0,266,0,0,0,0,0,21,0,0,0,0,0,0,113,2,0,1,0,1,0,0,0,4,0,408,404
Bulawayo,Luveve,Bulawayo Municipality,15,Luveve B Primary School,0801BYO1503,1,179,0,0,0,0,1,9,0,0,0,0,0,2,117,1,0,1,0,0,0,0,0,3,0,314,311
Bulawayo,Luveve,Bulawayo Municipality,15,Mafakela A Primary School,0801BYO1504,0,359,2,1,0,2,0,28,0,0,0,0,1,0,164,5,0,2,8,0,0,0,0,3,0,575,572
Bulawayo,Luveve,Bulawayo Municipality,15,Mafakela B Primary School,0801BYO1505,1,225,1,0,0,2,0,16,0,0,0,0,0,0,104,2,0,0,7,0,0,0,1,3,0,362,359
Bulawayo,Luveve,Bulawayo Municipality,15,Matshayisikhova A Primary School,0801BYO1506,1,344,1,0,1,0,0,31,1,0,0,2,0,0,131,5,0,0,23,0,0,2,1,6,0,549,543
Bulawayo,Luveve,Bulawayo Municipality,15,Matshayisikhova B Primary School,0801BYO1507,0,103,0,0,0,0,0,13,0,0,0,0,0,0,43,0,0,0,2,0,0,0,0,0,0,161,161
Bulawayo,Luveve,Bulawayo Municipality,15,Imbizo A Primary School,0801BYO1508,1,428,3,0,0,3,0,53,0,0,0,0,0,0,212,2,0,0,4,2,0,0,0,4,0,712,708
Bulawayo,Luveve,Bulawayo Municipality,15,Imbizo B Primary School,0801BYO1509,1,182,0,0,0,0,0,17,0,1,1,0,0,0,61,2,0,2,10,0,0,0,0,4,0,281,277
Bulawayo,Luveve,Bulawayo Municipality,15,Mpofu Shopping Centre Tent,0801BYO1510,0,362,0,2,0,0,1,19,0,1,2,0,0,0,140,7,0,0,0,0,0,0,0,3,0,537,534
Bulawayo,Luveve,Bulawayo Municipality,15,Percy Ibboston Primary School,0801BYO1511,0,123,0,0,0,2,1,1,0,0,0,0,0,0,34,3,0,0,0,0,0,0,0,3,0,167,164
,,,,11 Polling Stations,Ward Total,6,"2,843",8,3,1,9,3,231,1,2,3,2,1,2,"1,233",34,0,6,57,3,0,2,2,38,0,"4,490","4,452"
,,,,,,,,,,,,,,,,,,,,,,,,,,,,,,,,
Bulawayo,Luveve,Bulawayo Municipality,16,Fusi A Primary School A,0801BYO1601 A,2,409,1,1,3,1,0,19,0,0,0,0,1,0,149,9,0,0,3,0,0,0,0,4,0,602,598
Bulawayo,Luveve,Bulawayo Municipality,16,Fusi A Primary School B,0801BYO1601 B,1,409,0,0,1,0,0,16,0,0,0,0,0,0,143,4,0,0,4,1,0,0,0,6,0,585,579
Bulawayo,Luveve,Bulawayo Municipality,16,Fusi B Primary School,0801BYO1602,0,213,0,0,0,0,1,20,0,0,0,0,0,0,51,0,0,0,4,0,0,0,0,3,0,292,289
Bulawayo,Luveve,Bulawayo Municipality,16,Gwabalanda Pre-School A,0801BYO1603 A,0,313,0,0,0,0,0,10,0,0,0,0,0,0,112,3,0,0,2,0,0,0,0,4,0,444,440
Bulawayo,Luveve,Bulawayo Municipality,16,Gwabalanda Pre-School B,0801BYO1603 B,3,320,0,0,0,0,0,16,0,0,0,0,0,0,90,4,0,1,1,0,0,0,0,2,0,437,435
Bulawayo,Luveve,Bulawayo Municipality,16,Inyanda A Secondary School A,0801BYO1604 A,0,325,0,0,0,0,0,7,2,0,0,0,0,0,116,8,0,0,2,0,1,1,0,4,0,466,462
Bulawayo,Luveve,Bulawayo Municipality,16,Inyanda A Secondary School B,0801BYO1604 B,2,322,0,0,0,0,1,12,1,0,0,0,1,0,103,4,0,0,5,2,0,0,0,8,0,461,453
Bulawayo,Luveve,Bulawayo Municipality,16,Inyanda B Secondary School,0801BYO1605,0,177,0,0,0,0,1,10,1,0,0,0,0,0,56,2,0,0,0,0,0,0,0,2,0,249,247
Bulawayo,Luveve,Bulawayo Municipality,16,Inzwananzi A Primary School A,0801BYO1606 A,1,378,1,0,1,2,1,19,1,0,0,0,0,0,111,2,0,0,1,0,1,0,0,4,0,523,519
Bulawayo,Luveve,Bulawayo Municipality,16,Inzwananzi A Primary School B,0801BYO1606 B,0,398,1,3,1,0,1,19,1,0,0,0,0,0,107,3,0,0,5,1,0,1,0,2,0,543,541
Bulawayo,Luveve,Bulawayo Municipality,16,Inzwananzi B Primary School,0801BYO1607,2,369,1,0,1,3,1,13,0,0,0,0,0,1,130,3,0,0,2,0,0,0,0,1,0,527,526
Bulawayo,Luveve,Bulawayo Municipality,16,PWD Luveve Depot,0801BYO1608,0,139,0,1,0,2,0,2,0,0,0,0,0,0,46,1,0,0,3,0,0,0,1,2,0,197,195
,,,,12 Polling Stations,Ward Total,11,"3,772",4,5,7,8,6,163,6,0,0,0,2,1,"1,214",43,0,1,32,4,2,2,1,42,0,"5,326","5,284"
,,,,,,,,,,,,,,,,,,,,,,,,,,,,,,,,
Bulawayo,Luveve,Bulawayo Municipality,28,Church (stand 5292) Tent,0801BYO2801,2,406,1,0,0,4,2,6,0,1,0,0,0,1,195,2,0,1,2,0,0,0,1,9,0,633,624
Bulawayo,Luveve,Bulawayo Municipality,28,Church of God Tent,0801BYO2802,0,284,0,0,0,0,1,9,0,0,0,0,0,0,98,3,0,0,14,0,0,1,0,3,0,413,410
Bulawayo,Luveve,Bulawayo Municipality,28,Cowdray Park Bus Terminus Tent A,0801BYO2803 A,2,402,2,0,0,2,1,15,0,0,1,1,0,0,167,8,1,0,5,0,0,1,0,3,0,611,608
Bulawayo,Luveve,Bulawayo Municipality,28,Cowdray Park Bus Terminus Tent B,0801BYO2803 B,1,413,1,0,0,4,2,15,0,0,0,0,0,0,156,2,0,0,1,0,1,0,0,2,0,598,596
Bulawayo,Luveve,Bulawayo Municipality,28,Cowdray Park Housing Office,0801BYO2804,3,418,1,1,0,5,3,26,1,1,0,0,0,0,220,3,1,1,1,0,0,0,0,3,0,688,685
Bulawayo,Luveve,Bulawayo Municipality,28,Cowdray Park A Primary School A,0801BYO2805 A,0,443,1,0,2,2,2,22,0,0,0,0,0,0,202,1,0,2,1,0,0,1,0,4,0,683,679
Bulawayo,Luveve,Bulawayo Municipality,28,Cowdray Park A Primary School B,0801BYO2805 B,3,455,1,0,0,0,4,18,1,1,0,0,1,1,201,0,0,1,1,0,1,0,1,2,0,692,690
Bulawayo,Luveve,Bulawayo Municipality,28,Cowdray Park B Primary School,0801BYO2806,2,297,1,0,0,0,1,14,0,0,1,0,0,0,141,0,1,1,6,0,0,0,0,3,0,468,465
Bulawayo,Luveve,Bulawayo Municipality,28,Cowdray Park A Secondary School,0801BYO2807,1,454,0,0,0,0,2,11,0,0,0,0,0,0,171,4,0,1,2,0,0,2,0,8,0,656,648
Bulawayo,Luveve,Bulawayo Municipality,28,Cowdray Park B Secondary School,0801BYO2808,0,141,0,0,0,0,0,4,0,0,0,0,0,0,54,1,0,0,0,0,0,0,0,4,0,204,200
Bulawayo,Luveve,Bulawayo Municipality,28,Happy day Pre-School,0801BYO2809,2,383,3,0,0,3,0,12,0,1,0,0,0,0,141,5,0,2,0,0,0,1,0,7,0,560,553
Bulawayo,Luveve,Bulawayo Municipality,28,Hlalanikuhle Phetsheya 1 Tent (7841),0801BYO2810,1,493,1,0,0,0,4,18,1,0,0,0,0,1,202,4,0,0,5,0,0,0,1,8,0,739,731
Bulawayo,Luveve,Bulawayo Municipality,28,Hlalanikuhle Phetsheya 2 Tent(18739),0801BYO2811,1,358,2,1,1,0,2,21,0,1,0,0,0,0,158,2,1,0,8,0,0,0,0,6,0,562,556
Bulawayo,Luveve,Bulawayo Municipality,28,Hlalanikuhele Phetsheya 3 Tent (19756),0801BYO2812,1,390,0,0,0,1,4,25,0,1,0,0,0,0,163,0,1,1,5,0,0,0,1,5,0,598,593
Bulawayo,Luveve,Bulawayo Municipality,28,Hlalanikuhle Phetsheya 4 Tent (21301),0801BYO2813,3,491,1,0,0,5,5,12,0,0,0,0,0,0,207,1,1,0,8,0,0,0,0,15,0,749,734
Bulawayo,Luveve,Bulawayo Municipality,28,Hlalanikuhle Phetsheya 5 Tent (16513),0801BYO2814,4,448,3,0,0,2,2,38,1,0,0,1,0,1,221,3,0,0,18,0,1,1,0,8,0,752,744
Bulawayo,Luveve,Bulawayo Municipality,28,Hlalanikuhle Phetsheya 6 Tent (11842),0801BYO2815,2,193,2,0,0,2,5,15,0,0,2,0,0,1,95,5,0,0,0,0,0,1,0,6,0,329,323
Bulawayo,Luveve,Bulawayo Municipality,28,Roman Catholic (Holy Trinity) Church A,0801BYO2816 A,0,288,1,1,0,1,1,16,0,0,0,0,0,0,125,0,0,1,1,1,0,0,0,7,0,443,436
Bulawayo,Luveve,Bulawayo Municipality,28,Roman Catholic (Holy Trinity) Church B,0801BYO2816 B,0,279,0,0,0,0,5,29,2,0,0,0,1,0,126,2,1,0,2,0,0,0,1,10,0,458,448
Bulawayo,Luveve,Bulawayo Municipality,28,Kuma (10) Water Point Tent,0801BYO2817,1,203,0,0,0,0,1,7,0,0,0,0,1,0,72,1,0,0,2,2,0,1,0,4,0,295,291
Bulawayo,Luveve,Bulawayo Municipality,28,Luveve High School,0801BYO2818,0,120,0,0,0,0,0,3,0,0,0,0,0,0,33,2,0,0,0,0,0,0,0,0,0,158,158
Bulawayo,Luveve,Bulawayo Municipality,28,Mahlathini A Primary School A,0801BYO2819 A,2,567,0,0,0,1,0,21,0,0,0,0,0,0,189,1,0,2,1,0,0,1,0,0,0,785,785
Bulawayo,Luveve,Bulawayo Municipality,28,Mahlathini A Primary School B,0801BYO2819 B,1,523,3,0,2,2,0,22,0,0,0,0,0,0,164,1,0,0,3,1,1,0,0,7,1,730,723
Bulawayo,Luveve,Bulawayo Municipality,28,Mahlathini A Primary School C,0801BYO2819 C,3,529,2,0,1,2,2,21,0,0,0,1,0,0,210,5,1,0,2,0,0,0,0,3,0,782,779
Bulawayo,Luveve,Bulawayo Municipality,28,Mahlathini B Primary School,0801BYO2820,1,112,0,0,0,0,1,5,0,0,0,0,0,0,37,0,0,0,1,0,0,1,0,1,0,159,158
Bulawayo,Luveve,Bulawayo Municipality,28,Mkhithika Thebe Primary School A,0801BYO2821 A,1,366,1,0,0,0,0,14,0,0,0,0,0,0,180,3,1,0,1,0,0,0,1,3,0,571,568
Bulawayo,Luveve,Bulawayo Municipality,28,Mkhithika Thebe Primary School B,0801BYO2821 B,2,397,0,0,0,1,1,16,0,0,0,0,1,0,141,4,0,1,3,0,0,0,0,5,0,572,567
Bulawayo,Luveve,Bulawayo Municipality,28,Mkhithika Thebe Primary School C,0801BYO2821 C,2,395,0,0,0,0,0,19,0,0,0,0,0,1,131,2,0,0,4,0,1,0,0,4,0,559,555
Bulawayo,Luveve,Bulawayo Municipality,28,Tategulu A Primary School A,0801BYO2823 A,1,408,1,0,0,0,2,14,0,0,0,0,0,0,179,0,0,2,0,1,0,0,0,8,0,616,608
Bulawayo,Luveve,Bulawayo Municipality,28,Tategulu A Primary School B,0801BYO2823 B,1,418,1,1,0,0,3,16,0,1,0,0,0,0,166,3,0,0,1,1,1,1,2,8,0,624,616
Bulawayo,Luveve,Bulawayo Municipality,28,Tategulu B Primary School,0801BYO2824,0,82,0,0,0,0,1,0,0,0,0,0,0,0,25,1,0,1,0,0,0,0,0,1,0,111,110
Bulawayo,Luveve,Bulawayo Municipality,28,TM shopping centre Tent A,0801BYO2825 A,0,489,0,0,0,0,0,25,0,0,1,0,1,0,198,5,0,0,1,0,0,0,0,6,0,726,720
Bulawayo,Luveve,Bulawayo Municipality,28,TM shopping centre Tent B,0801BYO2825 B,2,487,0,0,0,4,0,23,0,0,1,0,0,1,205,4,0,0,1,1,0,2,0,1,0,732,731
Bulawayo,Luveve,Bulawayo Municipality,28,ZAOGA Church Tent,0801BYO2826,3,224,1,0,0,1,1,8,0,0,0,0,0,0,91,3,0,1,3,1,0,0,0,7,0,344,337
,,,,34 Polling Stations,Ward Total,48,"12,356",30,4,6,42,58,540,6,7,6,3,5,7,"5,064",81,9,18,103,8,6,14,8,171,1,"18,600","18,429"
,,,,,,,,,,,,,,,,,,,,,,,,,,,,,,,,
,,,,Luveve Constituency Totals,,65,"18,971",42,12,14,59,67,934,13,9,9,5,8,10,"7,511",158,9,25,192,15,8,18,11,251,1,"28,416","28,165"
,,,,,,,,,,,,,,,,,,,,,,,,,,,,,,,,
,,,,Magwegwe Constituency,,,,,,,,,,,,,,,,,,,,,,,,,,,,
Bulawayo,Magwegwe,Bulawayo Municipality,18,Magwegwe Hall,0801BYO1801,4,466,3,0,0,1,2,19,2,0,0,0,0,0,209,5,0,2,5,1,0,0,0,11,0,730,719
Bulawayo,Magwegwe,Bulawayo Municipality,18,Magwegwe Primary School A,0801BYO1802 A,3,460,0,1,2,3,1,30,0,0,0,0,0,0,257,1,0,0,0,3,0,1,0,5,0,767,762
Bulawayo,Magwegwe,Bulawayo Municipality,18,Magwegwe Primary SchoolB,0801BYO1802 B,3,488,0,1,1,2,1,28,0,0,0,0,0,0,209,4,0,2,2,0,0,3,1,13,0,758,745
Bulawayo,Magwegwe,Bulawayo Municipality,18,Magwegwe Secondary School,0801BYO1803,2,462,1,0,0,1,0,15,1,0,0,0,2,2,173,3,0,0,6,0,0,0,4,10,0,682,672
Bulawayo,Magwegwe,Bulawayo Municipality,18,Magwegwe Youth Centre,0801BYO1804,1,244,0,0,0,2,0,11,0,0,0,0,0,0,134,1,0,0,1,0,1,0,1,5,0,401,396
Bulawayo,Magwegwe,Bulawayo Municipality,18,Mhali A Primary School A,0801BYO1805 A,1,379,0,0,0,1,0,15,1,0,0,0,0,0,176,5,0,1,0,0,0,0,1,2,0,582,580
Bulawayo,Magwegwe,Bulawayo Municipality,18,Mhali A Primary School B,0801BYO1805 B,2,384,1,0,0,0,0,19,1,0,0,0,0,0,140,6,1,1,1,1,0,0,1,4,0,562,558
Bulawayo,Magwegwe,Bulawayo Municipality,18,Mhali A Primary School C,0801BYO1805 C,0,382,2,0,1,3,0,14,0,2,0,0,0,0,142,5,1,0,3,0,0,2,0,7,0,564,557
Bulawayo,Magwegwe,Bulawayo Municipality,18,Mhali B Primary School,0801BYO1806,4,241,1,0,0,0,0,4,0,1,0,0,0,0,78,2,0,1,1,0,0,0,1,3,0,337,334
Bulawayo,Magwegwe,Bulawayo Municipality,18,Ntshamate Primary School A,0801BYO1807 A,1,278,0,0,0,1,1,13,0,1,0,0,0,0,173,5,1,0,4,0,1,1,1,6,0,487,481
Bulawayo,Magwegwe,Bulawayo Municipality,18,Ntshamate Primary School B,0801BYO1807 B,1,312,3,0,2,0,1,18,0,0,0,0,0,0,144,2,1,0,4,0,0,1,0,4,0,493,489
,,,,11 Polling Stations,Ward Total,22,"4,096",11,2,6,14,6,186,5,4,0,0,2,2,"1,835",39,4,7,27,5,2,8,10,70,0,"6,363","6,293"
,,,,,,,,,,,,,,,,,,,,,,,,,,,,,,,,
Bulawayo,Magwegwe,Bulawayo Municipality,29,J. W. Mthimkhulu Primary School,0801BYO2901,2,436,3,0,0,2,0,13,0,1,0,0,0,0,160,5,1,0,2,1,3,1,0,3,0,633,630
Bulawayo,Magwegwe,Bulawayo Municipality,29,Magwegwe North Terminus Tent A,0801BYO2902 A,2,293,1,2,1,3,0,15,0,1,1,0,0,0,149,0,0,0,2,0,0,0,0,3,0,473,470
Bulawayo,Magwegwe,Bulawayo Municipality,29,Magwegwe North Terminus Tent B,0801BYO2902 B,2,349,1,0,0,2,0,14,0,0,0,0,0,0,104,1,1,1,1,0,0,0,0,5,0,481,476
Bulawayo,Magwegwe,Bulawayo Municipality,29,Magwegwe West Pre-School,0801BYO2903,1,316,1,0,0,1,1,12,1,0,0,0,0,0,82,5,0,0,1,0,0,0,0,3,0,424,421
Bulawayo,Magwegwe,Bulawayo Municipality,29,Magwegwe West Terminus,0801BYO2904,3,376,0,0,1,1,1,14,0,0,0,0,1,0,128,2,0,1,2,1,2,0,0,1,0,534,533
Bulawayo,Magwegwe,Bulawayo Municipality,29,Masotsha Secondary School,0801BYO2905,0,542,3,0,0,4,3,21,1,0,0,0,0,0,188,4,0,0,1,0,0,0,0,3,0,770,767
Bulawayo,Magwegwe,Bulawayo Municipality,29,Mazwi A Primary School A,0801BYO2907 A,3,318,1,0,0,1,2,29,0,0,0,0,0,0,135,1,0,2,2,0,0,0,0,8,0,502,494
Bulawayo,Magwegwe,Bulawayo Municipality,29,Mazwi A Primary School B,0801BYO2907 B,2,325,1,0,0,0,0,29,0,0,0,0,1,0,137,6,0,1,3,0,0,2,0,6,0,513,507
Bulawayo,Magwegwe,Bulawayo Municipality,29,Mazwi B Primary School,0801BYO2908,2,286,1,0,0,1,2,8,0,0,0,0,1,0,121,2,0,2,2,1,1,0,0,3,0,433,430
Bulawayo,Magwegwe,Bulawayo Municipality,29,Mountain View Shopping Centre A,0801BYO2909 A,1,383,1,1,0,0,0,40,1,0,0,0,0,0,143,4,0,0,2,1,0,1,0,7,0,585,578
Bulawayo,Magwegwe,Bulawayo Municipality,29,Mountain View Shopping Centre B,0801BYO2909 B,1,407,2,0,1,1,0,28,0,0,0,0,0,0,146,5,0,0,1,1,1,0,0,1,0,595,594
,,,,11 Polling Stations,Ward Total,19,"4,031",15,3,3,16,9,223,3,2,1,0,3,0,"1,493",35,2,7,19,5,7,4,0,43,0,"5,943","5,900"
,,,,,,,,,,,,,,,,,,,,,,,,,,,,,,,,
,,,,Magwegwe Constituency Totals,,41,"8,127",26,5,9,30,15,409,8,6,1,0,5,2,"3,328",74,6,14,46,10,9,12,10,113,0,"12,306","12,193"
,,,,,,,,,,,,,,,,,,,,,,,,,,,,,,,,
,,,,Makokoba Constituency,,,,,,,,,,,,,,,,,,,,,,,,,,,,
Bulawayo,Makokoba,Bulawayo Municipality,7,Efusini Shopping Centre Tent A,0801BYO0701 A,2,495,0,1,0,0,2,34,0,1,0,0,0,0,206,2,1,2,1,1,0,1,0,9,0,758,749
Bulawayo,Makokoba,Bulawayo Municipality,7,Efusini Shopping Centre Tent B,0801BYO0701 B,3,526,2,0,1,2,2,26,0,2,0,0,0,1,196,3,0,0,4,1,0,0,0,9,0,778,769
Bulawayo,Makokoba,Bulawayo Municipality,7,Lotshe Primary School,0801BYO0702,1,479,1,1,0,0,3,25,0,1,0,1,1,0,209,4,0,1,1,0,1,0,0,17,0,746,729
Bulawayo,Makokoba,Bulawayo Municipality,7,Makokoba Pre-School,0801BYO0704,3,352,1,0,0,0,0,28,2,0,0,0,0,0,133,2,0,0,3,0,0,0,0,10,0,534,524
Bulawayo,Makokoba,Bulawayo Municipality,7,Raylton Hall,0801BYO0705,0,132,0,0,0,0,0,1,0,0,0,0,0,0,36,1,0,0,1,0,0,0,0,0,0,171,171
Bulawayo,Makokoba,Bulawayo Municipality,7,St Columbas High School,0801BYO0706,2,290,0,0,0,1,0,18,0,0,0,0,1,0,116,3,0,1,3,0,0,0,1,5,0,441,436
Bulawayo,Makokoba,Bulawayo Municipality,7,St Patricks A Primary School A,0801BYO0708 A,0,494,1,0,1,0,1,6,1,0,0,0,0,0,184,0,0,0,3,1,0,0,1,7,0,700,693
Bulawayo,Makokoba,Bulawayo Municipality,7,St Patricks A Primary School B,0801BYO0708 B,3,484,2,0,0,1,1,11,0,0,0,0,0,0,121,1,0,0,1,0,0,0,0,7,0,632,625
Bulawayo,Makokoba,Bulawayo Municipality,7,St Patricks' B Primary School,0801BYO0709,0,563,0,0,0,0,0,3,0,0,0,0,0,0,150,2,1,1,0,1,0,0,0,5,0,726,721
Bulawayo,Makokoba,Bulawayo Municipality,7,Stanley Hall,0801BYO0710,0,543,2,0,0,0,2,33,0,0,0,0,0,0,226,3,0,2,3,0,0,0,1,9,0,824,815
Bulawayo,Makokoba,Bulawayo Municipality,7,Westgate Training Centre,0801BYO0711,0,219,0,0,0,0,0,3,0,0,0,0,0,0,133,0,0,0,5,1,0,0,0,2,0,363,361
,,,,11 Polling Stations,Ward Total,14,"4,577",9,2,2,4,11,188,3,4,0,1,2,1,"1,710",21,2,7,25,5,1,1,3,80,0,"6,673","6,593"
,,,,,,,,,,,,,,,,,,,,,,,,,,,,,,,,
Bulawayo,Makokoba,Bulawayo Municipality,8,Babourfields Pre-School,0801BYO0801,2,359,1,0,0,2,1,17,0,0,1,0,0,0,137,3,0,3,1,0,0,1,1,1,0,530,529
Bulawayo,Makokoba,Bulawayo Municipality,8,Emlizane Pre-School,0801BYO0802,0,333,1,0,0,1,2,29,0,0,1,0,0,0,168,2,0,0,2,0,0,0,1,8,0,548,540
Bulawayo,Makokoba,Bulawayo Municipality,8,J B Shopping Centre Tent,0801BYO0803,0,391,0,1,0,0,0,13,0,2,0,0,0,1,124,5,0,2,4,0,0,0,1,4,0,548,544
Bulawayo,Makokoba,Bulawayo Municipality,8,Jairos Jiri Centre,0801BYO0804,8,363,1,0,0,1,1,20,0,0,0,0,1,0,228,0,0,1,1,3,0,0,1,11,0,640,629
Bulawayo,Makokoba,Bulawayo Municipality,8,Lobengula A Primary School,0801BYO0805,0,468,0,0,0,0,0,18,1,0,0,0,0,0,240,4,0,0,0,1,0,1,0,8,0,741,733
Bulawayo,Makokoba,Bulawayo Municipality,8,Lobengula B Primary School,0801BYO0806,2,200,0,0,0,1,0,9,0,0,0,0,0,0,83,1,0,0,2,0,0,0,0,2,0,300,298
Bulawayo,Makokoba,Bulawayo Municipality,8,Lozikeyi A Primary School,0801BYO0807,2,304,2,1,0,0,3,9,0,0,0,0,0,0,137,2,0,0,2,0,0,0,1,5,0,468,463
Bulawayo,Makokoba,Bulawayo Municipality,8,Lozikeyi B Primary School,0801BYO0808,2,401,2,1,0,1,0,14,1,0,2,0,0,0,180,4,0,0,2,0,0,0,0,7,0,617,610
Bulawayo,Makokoba,Bulawayo Municipality,8,Macdonald Hall A,0801BYO0809 A,0,371,3,1,1,0,0,17,1,0,1,0,0,0,199,1,0,0,2,3,0,0,0,8,0,608,600
Bulawayo,Makokoba,Bulawayo Municipality,8,Macdonald Hall B,0801BYO0809 B,1,383,2,1,0,3,1,24,0,0,0,1,0,0,178,2,0,1,5,0,0,0,0,8,0,610,602
Bulawayo,Makokoba,Bulawayo Municipality,8,Mpilo Hospital,0801BYO0810,0,342,1,0,0,0,0,4,0,0,0,0,0,0,114,2,0,1,1,0,0,0,0,4,0,469,465
Bulawayo,Makokoba,Bulawayo Municipality,8,Mzilikazi High School,0801BYO0811,0,288,0,1,0,0,1,5,0,0,0,0,0,0,105,2,0,0,2,0,0,0,1,1,0,406,405
Bulawayo,Makokoba,Bulawayo Municipality,8,Mzilikazi A Primary School A,0801BYO0812 A,0,291,1,0,0,0,0,9,0,0,1,0,0,0,115,6,0,0,2,1,0,0,0,4,0,430,426
Bulawayo,Makokoba,Bulawayo Municipality,8,Mzilikazi A Primary School B,0801BYO0812 B,1,284,1,0,0,4,0,16,0,0,1,0,0,0,124,2,0,0,1,1,0,0,0,3,0,438,435
Bulawayo,Makokoba,Bulawayo Municipality,8,Mzilikazi B Primary School,0801BYO0813,0,217,0,0,0,0,1,9,0,0,0,0,0,1,74,2,0,0,0,0,0,0,0,6,0,310,304
Bulawayo,Makokoba,Bulawayo Municipality,8,Sobukazi A Secondary School,0801BYO0814,2,368,1,0,0,0,0,22,0,0,0,0,0,0,127,3,0,0,4,1,0,0,0,8,0,536,528
Bulawayo,Makokoba,Bulawayo Municipality,8,Sobukazi B Secondary School,0801BYO0815,1,193,1,1,0,1,0,18,1,0,0,0,0,0,76,2,0,1,2,0,0,0,1,4,0,302,298
Bulawayo,Makokoba,Bulawayo Municipality,8,Thornegroove Tent,0801BYO0816,0,209,0,1,0,0,0,9,0,0,0,1,0,0,45,1,0,0,1,0,0,0,1,5,0,273,268
,,,,18 Polling Stations,Ward Total,21,"5,765",17,8,1,14,10,262,4,2,7,2,1,2,"2,454",44,0,9,34,10,0,2,8,97,0,"8,774","8,677"
,,,,,,,,,,,,,,,,,,,,,,,,,,,,,,,,
,,,,Makokoba Constituency Totals,,35,"10,342",26,10,3,18,21,450,7,6,7,3,3,3,"4,164",65,2,16,59,15,1,3,11,177,0,"15,447","15,270"
,,,,,,,,,,,,,,,,,,,,,,,,,,,,,,,,
,,,,Nketa Constituency,,,,,,,,,,,,,,,,,,,,,,,,,,,,
Bulawayo,Nketa,Bulawayo Municipality,24,Bretheren In Christ Church A,0801BYO2401 A,1,274,0,2,0,1,0,10,0,0,0,0,0,0,129,3,0,0,0,1,0,0,0,4,0,425,421
Bulawayo,Nketa,Bulawayo Municipality,24,Bretheren In Christ Church B,0801BYO2401 B,3,283,1,1,0,1,0,8,0,0,0,0,0,0,116,2,0,2,3,0,0,1,0,5,0,426,421
Bulawayo,Nketa,Bulawayo Municipality,24,Mabhukudwane Primary School A,0801BYO2402 A,4,437,2,0,0,0,0,9,0,1,0,0,0,0,134,4,0,2,0,0,0,0,1,4,0,598,594
Bulawayo,Nketa,Bulawayo Municipality,24,Mabhukudwane Primary School B,0801BYO2402 B,0,433,2,0,0,2,0,20,0,0,0,0,0,0,136,2,0,0,4,0,1,0,0,9,0,609,600
Bulawayo,Nketa,Bulawayo Municipality,24,Mganwini Primary School,0801BYO2403,3,254,0,0,0,0,1,6,1,0,0,0,0,0,164,3,0,2,0,0,0,0,0,3,0,437,434
Bulawayo,Nketa,Bulawayo Municipality,24,Nketa A Hall,0801BYO2404,1,512,3,0,0,0,3,18,0,0,3,0,0,1,278,8,1,0,1,0,0,0,1,12,0,842,830
Bulawayo,Nketa,Bulawayo Municipality,24,Nketa B Hall,0801BYO2405,1,264,0,0,0,1,0,4,0,0,0,0,0,0,148,3,0,0,0,1,1,0,0,9,0,432,423
Bulawayo,Nketa,Bulawayo Municipality,24,Nketa High School,0801BYO2406,1,450,1,0,0,2,2,6,0,0,1,0,0,0,235,5,0,0,1,0,0,0,0,6,0,710,704
Bulawayo,Nketa,Bulawayo Municipality,24,Nketa A Primary School A,0801BYO2407 A,2,570,0,0,0,0,0,8,0,0,1,0,0,1,203,11,1,1,8,0,0,0,0,7,0,813,806
Bulawayo,Nketa,Bulawayo Municipality,24,Nketa A Primary School B,0801BYO2407 B,0,531,0,0,1,1,1,18,1,0,1,0,0,0,212,4,0,1,6,1,0,0,1,10,0,789,779
Bulawayo,Nketa,Bulawayo Municipality,24,Nketa B Primary School,0801BYO2408,2,275,0,0,0,0,1,9,0,0,0,0,0,0,120,2,0,0,3,0,0,0,1,1,0,414,413
Bulawayo,Nketa,Bulawayo Municipality,24,Nkulumane High School,0801BYO2409,2,394,0,0,0,1,0,5,0,0,1,0,0,0,143,3,0,0,4,0,1,0,0,2,0,556,554
Bulawayo,Nketa,Bulawayo Municipality,24,Salvation Army,0801BYO2410,0,306,1,0,0,0,1,9,0,0,1,1,0,1,182,6,0,0,6,0,0,0,0,1,0,515,514
,,,,13 Polling Stations,Ward Total,20,"4,983",10,3,1,9,9,130,2,1,8,1,0,3,"2,200",56,2,8,36,3,3,1,4,73,0,"7,566","7,493"
,,,,,,,,,,,,,,,,,,,,,,,,,,,,,,,,
Bulawayo,Nketa,Bulawayo Municipality,25,Agape College,0801BYO2501,1,496,1,0,0,0,0,10,0,0,0,0,0,0,217,0,0,2,4,0,0,0,0,9,0,740,731
Bulawayo,Nketa,Bulawayo Municipality,25,Childhood Centre Pre-School,0801BYO2502,1,288,0,0,1,0,0,7,0,0,1,0,0,0,140,3,0,2,0,0,0,3,0,5,0,451,446
Bulawayo,Nketa,Bulawayo Municipality,25,Holy Family Catholic Church,0801BYO2503,3,327,3,1,0,1,1,7,0,0,1,0,0,0,181,4,0,0,5,0,0,1,0,0,0,535,535
Bulawayo,Nketa,Bulawayo Municipality,25,Manondwane A Primary School A,0801BYO2504 A,1,408,1,1,1,2,0,1,0,0,0,0,1,1,163,9,0,0,0,0,0,0,0,5,0,594,589
Bulawayo,Nketa,Bulawayo Municipality,25,Manondwane A Primary School B,0801BYO2504 B,2,389,2,0,0,0,0,9,1,0,1,1,1,0,169,5,0,1,3,0,0,0,0,2,0,586,584
Bulawayo,Nketa,Bulawayo Municipality,25,Manondwane B Primary School,0801BYO2505,1,186,0,0,0,0,0,6,0,0,0,0,0,0,93,1,0,0,7,0,0,0,0,1,0,295,294
Bulawayo,Nketa,Bulawayo Municipality,25,Mgiqika A Primary School A,0801BYO2506 A,4,468,1,0,0,0,2,15,0,0,0,0,0,0,210,10,0,1,3,2,0,0,2,2,0,720,718
Bulawayo,Nketa,Bulawayo Municipality,25,Mgiqika A Primary School B,0801BYO2506 B,2,472,3,0,0,2,5,10,0,1,0,0,0,0,189,7,0,1,4,0,0,1,0,5,0,702,697
Bulawayo,Nketa,Bulawayo Municipality,25,Mgiqika A Primary School C,0801BYO2506 C,0,457,0,0,0,2,2,8,0,0,0,0,0,0,198,5,0,0,2,0,1,1,1,2,0,679,677
Bulawayo,Nketa,Bulawayo Municipality,25,Mgiqika B Primary School,0801BYO2507,0,295,1,0,0,2,0,4,0,0,0,0,0,0,112,3,0,1,1,0,0,0,0,1,0,420,419
Bulawayo,Nketa,Bulawayo Municipality,25,Nketa 7 Library A,0801BYO2508 A,1,283,0,0,1,1,1,11,0,0,0,0,0,0,166,3,0,1,1,0,0,0,1,2,1,472,470
Bulawayo,Nketa,Bulawayo Municipality,25,Nketa 7 Library B,0801BYO2508 B,3,303,2,0,0,0,2,3,0,0,0,0,0,0,134,4,0,0,0,1,0,0,0,4,0,456,452
Bulawayo,Nketa,Bulawayo Municipality,25,Open Space Tent(Opposite Stand Number 5881),0801BYO2509,1,246,0,0,1,3,3,7,0,0,1,0,0,1,115,0,1,1,4,1,0,0,2,7,0,394,387
Bulawayo,Nketa,Bulawayo Municipality,25,Pentecostal Assemblies Church,0801BYO2510,2,348,0,0,0,2,2,12,0,0,0,0,1,0,143,3,0,1,6,0,0,1,0,3,0,524,521
Bulawayo,Nketa,Bulawayo Municipality,25,The Of Christ Church,0801BYO2511,1,206,0,0,0,0,0,3,0,0,0,0,0,0,139,1,0,0,0,1,0,0,0,2,0,353,351
Bulawayo,Nketa,Bulawayo Municipality,25,Tower Light Tent(4874),0801BYO2512,2,392,0,0,1,0,7,6,0,0,0,0,0,0,192,4,0,0,3,0,0,0,0,5,0,612,607
Bulawayo,Nketa,Bulawayo Municipality,25,ZAOGA Church,0801BYO2513,1,233,0,0,0,1,0,4,0,0,0,0,0,1,107,1,0,1,1,0,0,0,0,4,0,354,350
,,,,17 Polling Stations,Ward Total,26,"5,797",14,2,5,16,25,123,1,1,4,1,3,3,"2,668",63,1,12,44,5,1,7,6,59,1,"8,887","8,828"
,,,,,,,,,,,,,,,,,,,,,,,,,,,,,,,,
Bulawayo,Nketa,Bulawayo Municipality,26,Emganwini A Secondary School A,0801BYO2601 A,3,430,1,0,0,0,0,7,0,0,0,0,0,0,196,3,0,1,3,1,0,0,0,6,0,651,645
Bulawayo,Nketa,Bulawayo Municipality,26,Emganwini A Secondary School B,0801BYO2601 B,1,390,1,0,0,2,1,14,0,0,0,0,0,1,204,3,0,0,2,1,0,0,0,5,0,625,620
Bulawayo,Nketa,Bulawayo Municipality,26,Emganwini B Secondary School,0801BYO2602,1,459,0,0,0,0,2,20,0,0,0,0,0,1,279,3,0,0,1,0,2,0,0,2,0,770,768
Bulawayo,Nketa,Bulawayo Municipality,26,Ingwenyama Primary School,0801BYO2603,0,338,0,0,0,0,0,8,0,0,0,0,0,0,122,4,0,0,6,0,0,0,0,13,0,491,478
Bulawayo,Nketa,Bulawayo Municipality,26,Local Authority Council Office,0801BYO2604,1,510,1,1,0,2,3,18,0,0,1,0,0,0,235,5,0,2,3,0,0,0,0,7,0,789,782
Bulawayo,Nketa,Bulawayo Municipality,26,Lutheran Church Tent,0801BYO2605,1,177,1,1,0,1,0,13,0,0,0,0,0,1,84,2,1,0,0,0,0,0,0,6,0,288,282
Bulawayo,Nketa,Bulawayo Municipality,26,St Martin of Tours Roman Catholic,0801BYO2606,1,225,1,0,1,0,5,12,0,1,0,0,0,1,168,7,0,2,6,0,0,1,0,4,0,435,431
Bulawayo,Nketa,Bulawayo Municipality,26,Mary Rose College,0801BYO2607,0,223,0,0,0,0,0,8,0,0,0,0,0,0,82,3,0,0,0,0,1,0,0,4,0,321,317
Bulawayo,Nketa,Bulawayo Municipality,26,Pentecostal Holiness Church,0801BYO2608,2,519,2,0,0,1,1,14,1,0,0,0,0,0,164,4,1,2,4,0,0,1,0,11,0,727,716
Bulawayo,Nketa,Bulawayo Municipality,26,Senzangakhona A Primary School A,0801BYO2609 A,0,509,0,0,0,2,1,15,0,1,0,0,0,0,269,9,0,0,2,0,0,1,0,3,0,812,809
Bulawayo,Nketa,Bulawayo Municipality,26,Senzangakhona A Primary School B,0801BYO2609 B,2,496,1,0,1,5,2,21,1,0,0,0,1,0,223,3,0,3,2,0,1,1,3,7,0,773,766
Bulawayo,Nketa,Bulawayo Municipality,26,Senzangakhona B Primary School,0801BYO2610,0,264,0,0,1,0,0,11,0,0,0,0,0,0,133,1,0,0,1,0,0,0,0,2,0,413,411
Bulawayo,Nketa,Bulawayo Municipality,26,Zara Centre Trust,0801BYO2611,0,242,0,0,0,0,0,14,0,0,0,0,0,0,114,2,0,1,0,1,0,0,0,1,0,375,374
,,,,13 Polling Stations,Ward Total,12,"4,782",8,2,3,13,15,175,2,2,1,0,1,4,"2,273",49,2,11,30,3,4,4,3,71,0,"7,470","7,399"
,,,,,,,,,,,,,,,,,,,,,,,,,,,,,,,,
,,,,Nketa Constituency Totals,,58,"15,562",32,7,9,38,49,428,5,4,13,2,4,10,"7,141",168,5,31,110,11,8,12,13,203,1,"23,923","23,720"
,,,,,,,,,,,,,,,,,,,,,,,,,,,,,,,,
,,,,Nkulumane Constituency,,,,,,,,,,,,,,,,,,,,,,,,,,,,
Bulawayo,Nkulumane,Bulawayo Municipality,20,Mgoqo A Primary School A,0801BYO2001 A,1,315,0,0,0,0,1,10,1,0,0,0,0,2,178,5,0,0,7,1,0,1,0,1,0,523,522
Bulawayo,Nkulumane,Bulawayo Municipality,20,Mgoqo A Primary School B,0801BYO2001 B,1,358,0,0,0,1,0,15,0,0,1,0,0,2,136,5,0,1,2,0,0,2,0,1,0,525,524
Bulawayo,Nkulumane,Bulawayo Municipality,20,Mgoqo B Primary School,0801BYO2002,0,367,0,1,0,0,2,15,1,0,0,0,0,0,141,0,0,0,2,0,1,0,0,5,0,535,530
Bulawayo,Nkulumane,Bulawayo Municipality,20,Miracles Of Seed Faith Church,0801BYO2003,2,371,1,0,0,1,0,23,0,0,1,0,0,1,183,0,0,2,3,0,0,0,0,3,0,591,588
Bulawayo,Nkulumane,Bulawayo Municipality,20,Mncumbatha Secondary School,0801BYO2004,1,320,0,0,0,0,0,21,0,0,0,0,0,0,121,4,0,0,3,0,0,1,0,1,0,472,471
Bulawayo,Nkulumane,Bulawayo Municipality,20,Nkulumane 12 Terminus Tent,0801BYO2005,4,547,6,0,0,2,0,10,0,0,0,0,0,0,241,6,0,1,9,0,2,0,0,12,0,840,828
Bulawayo,Nkulumane,Bulawayo Municipality,20,Nkulumane 15 Emasimini Tent,0801BYO2006,1,262,1,0,0,0,0,13,0,0,0,0,0,0,110,4,0,1,4,0,0,0,0,3,0,399,396
Bulawayo,Nkulumane,Bulawayo Municipality,20,Nkulumane Engen Garage Tent,0801BYO2007,2,369,0,0,0,2,0,9,0,0,0,0,0,0,139,3,0,1,1,0,0,0,0,1,0,527,526
Bulawayo,Nkulumane,Bulawayo Municipality,20,Nkulumane Entabeni Club Tent,0801BYO2008,3,410,1,0,0,0,0,11,0,1,0,0,0,0,203,2,0,1,7,0,0,0,0,4,0,643,639
Bulawayo,Nkulumane,Bulawayo Municipality,20,Nkulumane Library,0801BYO2009,0,183,0,0,0,0,0,4,0,0,0,0,0,0,71,0,0,0,1,0,0,0,0,1,0,260,259
Bulawayo,Nkulumane,Bulawayo Municipality,20,Prince And Princess Pre-School,0801BYO2010,3,292,1,0,0,1,0,6,0,0,0,1,0,0,120,4,0,1,2,0,0,0,0,0,0,431,431
,,,,11 Polling Stations,Ward Total,18,"3,794",10,1,0,7,3,137,2,1,2,1,0,5,"1,643",33,0,8,41,1,3,4,0,32,0,"5,746","5,714"
,,,,,,,,,,,,,,,,,,,,,,,,,,,,,,,,
Bulawayo,Nkulumane,Bulawayo Municipality,22,Amaveni A Primary School,0801BYO2201,1,288,0,0,0,3,0,20,0,0,0,0,0,0,129,2,0,1,2,0,0,0,0,7,0,453,446
Bulawayo,Nkulumane,Bulawayo Municipality,22,Amaveni B Primary School,0801BYO2202,1,504,1,0,0,2,1,20,0,0,0,0,1,0,180,5,0,0,2,0,0,0,1,2,0,720,718
Bulawayo,Nkulumane,Bulawayo Municipality,22,Bullet Shopping Centre Tent,0801BYO2203,0,388,1,0,1,1,1,17,0,0,0,0,0,0,174,4,0,1,2,0,0,0,1,5,0,596,591
Bulawayo,Nkulumane,Bulawayo Municipality,22,Mafela A Primary School,0801BYO2204,4,513,0,1,0,1,0,14,0,0,0,1,0,1,174,7,0,1,4,0,0,0,0,5,0,726,721
Bulawayo,Nkulumane,Bulawayo Municipality,22,Mafela B Primary School,0801BYO2205,0,208,1,0,0,1,1,5,0,0,0,0,0,0,65,0,0,0,1,0,0,0,0,1,0,283,282
Bulawayo,Nkulumane,Bulawayo Municipality,22,Mandwandwe Secondary School,0801BYO2206,2,422,2,0,0,2,0,12,0,0,0,0,0,0,162,4,0,1,4,1,0,0,0,4,0,616,612
Bulawayo,Nkulumane,Bulawayo Municipality,22,Mtshane Primary School A,0801BYO2207 A,0,294,0,0,0,0,0,19,0,0,0,0,0,0,126,4,0,0,2,0,0,0,0,4,0,449,445
Bulawayo,Nkulumane,Bulawayo Municipality,22,Mtshane Primary School B,0801BYO2207 B,1,279,0,0,0,1,2,23,0,0,1,0,0,0,124,0,0,1,0,0,0,0,0,4,0,436,432
Bulawayo,Nkulumane,Bulawayo Municipality,22,Nkulumane A Hall A,0801BYO2208 A,0,336,0,0,0,5,2,10,0,0,0,0,0,0,149,4,0,0,5,1,2,0,0,1,0,515,514
Bulawayo,Nkulumane,Bulawayo Municipality,22,Nkulumane A Hall B,0801BYO2208 B,0,324,0,0,0,5,0,27,0,0,0,0,0,0,139,1,0,0,4,0,0,0,0,6,0,506,500
Bulawayo,Nkulumane,Bulawayo Municipality,22,Nkulumane B Hall,0801BYO2209,0,226,1,0,0,1,0,15,0,0,0,0,0,0,102,0,0,0,2,1,0,0,0,5,0,353,348
Bulawayo,Nkulumane,Bulawayo Municipality,22,One -Way Borehole,0801BYO2210,1,241,2,0,0,0,0,21,1,0,0,0,0,0,120,0,0,0,4,0,0,0,0,2,0,392,390
Bulawayo,Nkulumane,Bulawayo Municipality,22,SDA Church,0801BYO2211,1,165,0,0,0,0,0,18,0,0,0,0,0,0,70,3,0,0,2,1,0,0,0,2,0,262,260
Bulawayo,Nkulumane,Bulawayo Municipality,22,Sigombe A Primary School,0801BYO2212,2,240,2,0,0,1,1,6,1,0,1,0,0,0,129,1,1,0,3,0,0,0,0,0,0,388,388
Bulawayo,Nkulumane,Bulawayo Municipality,22,Sigombe B Primary School,0801BYO2213,0,141,1,0,0,1,0,5,0,0,0,0,0,0,78,0,0,0,0,0,0,0,0,1,0,227,226
,,,,15 Polling Stations,Ward Total,13,"4,569",11,1,1,24,8,232,2,0,2,1,1,1,"1,921",35,1,5,37,4,2,0,2,49,0,"6,922","6,873"
,,,,,,,,,,,,,,,,,,,,,,,,,,,,,,,,
Bulawayo,Nkulumane,Bulawayo Municipality,23,Mgombane Primary School A,0801BYO2301 A,0,330,1,0,0,0,1,15,0,0,0,0,0,0,142,1,1,0,3,0,2,1,0,5,1,502,497
Bulawayo,Nkulumane,Bulawayo Municipality,23,Mgombane Primary School B,0801BYO2301 B,5,340,2,0,0,1,1,16,1,0,0,0,0,0,142,0,0,0,2,0,1,0,0,12,0,523,511
Bulawayo,Nkulumane,Bulawayo Municipality,23,Munyoro Shopping Centre Tent,0801BYO2302,2,468,1,0,1,4,1,19,0,0,0,0,1,0,175,1,0,0,4,2,0,0,0,2,2,681,679
Bulawayo,Nkulumane,Bulawayo Municipality,23,Nkulumane 10 Bus Terminus Tent A,0801BYO2303 A,1,287,0,0,1,0,0,13,0,0,0,0,0,0,123,1,0,1,8,1,0,1,0,0,1,437,437
Bulawayo,Nkulumane,Bulawayo Municipality,23,Nkulumane 10 Bus Terminus Tent B,0801BYO2303 B,1,297,1,0,0,1,0,23,0,0,0,0,0,0,117,3,0,0,1,1,0,0,0,6,0,451,445
Bulawayo,Nkulumane,Bulawayo Municipality,23,Nkulumane 10 Water Reservoir Tent,0801BYO2304,1,487,2,0,0,3,2,48,0,0,1,0,1,0,197,2,0,0,9,0,1,0,0,3,0,757,754
Bulawayo,Nkulumane,Bulawayo Municipality,23,Nkulumane 12 Entabeni Tent,0801BYO2305,2,499,3,0,0,4,0,7,0,0,0,0,0,0,182,3,0,2,10,2,1,1,3,3,0,722,719
Bulawayo,Nkulumane,Bulawayo Municipality,23,Queen Elizabeth A Primary School A,0801BYO2306 A,2,436,1,1,0,0,1,25,1,0,0,0,0,0,156,6,1,0,6,0,0,0,0,2,0,638,636
Bulawayo,Nkulumane,Bulawayo Municipality,23,Queen Elizabeth A Primary School B,0801BYO2306 B,2,420,3,1,2,6,2,29,0,1,0,0,0,0,159,4,0,0,2,1,0,0,0,8,0,640,632
Bulawayo,Nkulumane,Bulawayo Municipality,23,Queen Elizabeth B Primary School,0801BYO2307,1,285,0,1,0,1,0,17,0,0,0,0,0,0,142,2,0,1,2,0,0,0,0,3,0,455,452
,,,,10 Polling Stations,Ward Total,17,"3,849",14,3,4,20,8,212,2,1,1,0,2,0,"1,535",23,2,4,47,7,5,3,3,44,4,"5,806","5,762"
,,,,,,,,,,,,,,,,,,,,,,,,,,,,,,,,
,,,,Nkulumane Constituency Totals,,48,"12,212",35,5,5,51,19,581,6,2,5,2,3,6,"5,099",91,3,17,125,12,10,7,5,125,4,"18,474","18,349"
,,,,,,,,,,,,,,,,,,,,,,,,,,,,,,,,
,,,,Pelandaba-Mpopoma Constituency,,,,,,,,,,,,,,,,,,,,,,,,,,,,
Bulawayo,Pelandaba-Mpopoma,Bulawayo Municipality,9,Angels Pre-School A,0801BYO0901 A,1,304,1,0,0,1,2,5,0,0,0,0,0,1,153,1,0,0,1,0,0,0,0,4,0,474,470
Bulawayo,Pelandaba-Mpopoma,Bulawayo Municipality,9,Angels Pre-School B,0801BYO0901 B,1,341,0,0,0,3,1,6,0,0,0,0,0,0,116,2,0,0,3,1,0,0,0,2,0,476,474
Bulawayo,Pelandaba-Mpopoma,Bulawayo Municipality,9,Gampu Primary School A,0801BYO0902 A,2,417,2,0,0,0,0,15,0,0,1,0,0,0,155,2,0,1,0,0,0,0,0,0,0,595,595
Bulawayo,Pelandaba-Mpopoma,Bulawayo Municipality,9,Gampu Primary School B,0801BYO0902 B,1,430,0,0,0,1,0,11,0,0,0,0,0,0,156,2,1,0,2,0,1,1,0,3,0,609,606
Bulawayo,Pelandaba-Mpopoma,Bulawayo Municipality,9,Inyathi Youth Centre,0801BYO0903,0,191,0,0,0,0,0,8,0,0,0,0,0,0,72,1,0,0,0,0,0,0,0,4,0,276,272
Bulawayo,Pelandaba-Mpopoma,Bulawayo Municipality,9,Lukanyiso Primary School,0801BYO0904,3,495,2,0,0,1,0,12,0,0,1,1,0,0,194,5,0,2,0,0,0,0,2,7,0,725,718
Bulawayo,Pelandaba-Mpopoma,Bulawayo Municipality,9,Matshobana Hall,0801BYO0905,2,600,3,2,0,1,1,9,0,0,2,0,0,0,215,3,0,0,0,0,0,0,0,4,0,842,838
Bulawayo,Pelandaba-Mpopoma,Bulawayo Municipality,9,Mpopoma Hall,0801BYO0906,1,329,0,0,0,5,0,12,0,0,2,0,0,0,122,0,0,0,2,0,0,0,0,2,0,475,473
Bulawayo,Pelandaba-Mpopoma,Bulawayo Municipality,9,Mpopoma Secondary School,0801BYO0907,0,102,0,0,0,0,0,2,0,0,0,0,0,0,45,0,0,0,0,0,0,0,0,2,0,151,149
Bulawayo,Pelandaba-Mpopoma,Bulawayo Municipality,9,Mpumelelo Primary School A,0801BYO0908 A,0,465,2,0,0,0,0,14,0,0,0,0,0,0,179,2,1,1,2,0,1,1,0,7,0,675,668
Bulawayo,Pelandaba-Mpopoma,Bulawayo Municipality,9,Mpumelelo Primary School B,0801BYO0908 B,2,449,0,0,0,0,0,18,0,0,0,0,0,0,153,6,0,1,2,1,0,1,0,8,0,641,633
Bulawayo,Pelandaba-Mpopoma,Bulawayo Municipality,9,Msitheli Secondary School A,0801BYO0909 A,1,431,1,1,0,0,1,30,0,1,0,0,0,0,193,6,0,1,2,1,0,0,1,11,0,681,670
Bulawayo,Pelandaba-Mpopoma,Bulawayo Municipality,9,Msitheli Secondary School B,0801BYO0909 B,4,480,4,0,0,2,0,15,0,0,0,0,0,0,155,2,0,2,5,0,0,0,0,1,0,670,669
Bulawayo,Pelandaba-Mpopoma,Bulawayo Municipality,9,Nkulumane Primary School A,0801BYO0910 A,1,304,2,0,0,1,1,7,0,0,0,0,0,0,125,4,0,0,2,0,0,0,0,3,0,450,447
Bulawayo,Pelandaba-Mpopoma,Bulawayo Municipality,9,Nkulumane Primary School B,0801BYO0910 B,0,323,0,0,0,0,0,10,0,0,0,0,0,0,102,3,0,0,3,0,0,0,1,4,0,446,442
Bulawayo,Pelandaba-Mpopoma,Bulawayo Municipality,9,Vulindlela Youth Centre A,0801BYO0911,0,301,1,1,0,1,1,11,1,3,0,0,0,0,155,0,0,0,3,0,0,1,0,8,0,487,479
,,,,16 Polling Stations,Ward Total,19,"5,962",18,4,0,16,7,185,1,4,6,1,0,1,"2,290",39,2,8,27,3,2,4,4,70,0,"8,673","8,603"
,,,,,,,,,,,,,,,,,,,,,,,,,,,,,,,,
Bulawayo,Pelandaba-Mpopoma,Bulawayo Municipality,13,Iminyela Hall A,0801BYO1301 A,5,389,1,0,0,1,1,32,1,1,0,0,1,0,250,0,0,1,2,0,1,0,2,8,0,696,688
Bulawayo,Pelandaba-Mpopoma,Bulawayo Municipality,13,Iminyela Hall B,0801BYO1301 B,1,393,2,1,0,5,1,38,0,0,0,0,0,0,206,5,0,3,2,0,0,0,1,14,0,672,658
Bulawayo,Pelandaba-Mpopoma,Bulawayo Municipality,13,Iminyela Hall C,0801BYO1301 C,2,392,1,0,0,3,3,43,1,1,0,0,0,0,229,2,2,0,2,1,0,1,0,13,0,696,683
Bulawayo,Pelandaba-Mpopoma,Bulawayo Municipality,13,Induba Primary School,0801BYO1302,0,328,0,0,0,1,1,42,0,0,0,0,0,0,189,5,0,0,0,0,0,0,1,8,0,575,567
Bulawayo,Pelandaba-Mpopoma,Bulawayo Municipality,13,Mabuthweni Hall A,0801BYO1303 A,1,484,0,0,2,1,0,17,1,0,0,0,1,1,224,3,0,1,3,0,0,0,1,13,0,753,740
Bulawayo,Pelandaba-Mpopoma,Bulawayo Municipality,13,Mabuthweni Hall B,0801BYO1303 B,6,479,4,2,0,3,1,24,1,1,0,0,1,0,208,1,0,1,4,0,0,0,1,10,0,747,737
Bulawayo,Pelandaba-Mpopoma,Bulawayo Municipality,13,Pelandaba Hall A,0801BYO1304 A,3,316,0,0,0,2,0,20,0,0,0,1,0,0,208,4,0,1,1,1,0,0,0,4,0,561,557
Bulawayo,Pelandaba-Mpopoma,Bulawayo Municipality,13,Pelandaba Hall B,0801BYO1304 B,0,327,1,0,0,1,1,30,0,0,0,0,0,1,196,1,0,0,2,0,2,0,0,3,0,565,562
Bulawayo,Pelandaba-Mpopoma,Bulawayo Municipality,13,Sizani A High School,0801BYO1305,0,229,0,0,0,5,0,14,0,0,0,0,0,0,99,3,0,0,0,0,0,0,1,0,0,351,351
Bulawayo,Pelandaba-Mpopoma,Bulawayo Municipality,13,Sizani B High School,0801BYO1306,1,131,0,0,0,3,0,10,0,0,0,0,0,0,97,1,0,0,0,0,0,0,0,0,0,243,243
Bulawayo,Pelandaba-Mpopoma,Bulawayo Municipality,13,Isiziba Youth Centre,0801BYO1307,0,74,0,0,0,0,0,1,0,1,0,0,0,0,36,2,0,0,0,0,0,0,0,1,0,115,114
,,,,11 Polling Stations,Ward Total,19,"3,542",9,3,2,25,8,271,4,4,0,1,3,2,"1,942",27,2,7,16,2,3,1,7,74,0,"5,974","5,900"
,,,,,,,,,,,,,,,,,,,,,,,,,,,,,,,,
,,,,Pelandaba-Mpopoma ConstituencyTotal,,38,"9,504",27,7,2,41,15,456,5,8,6,2,3,3,"4,232",66,4,15,43,5,5,5,11,144,0,"14,647","14,503"
,,,,,,,,,,,,,,,,,,,,,,,,,,,,,,,,
,,,,Pumula Constituency,,,,,,,,,,,,,,,,,,,,,,,,,,,,
Bulawayo,Pumula,Bulawayo Municipality,17,Amaswazi A Primary School,0801BYO1701,1,318,1,0,0,1,1,27,0,0,0,0,0,1,117,1,1,1,1,3,0,0,1,8,0,483,475
Bulawayo,Pumula,Bulawayo Municipality,17,Amaswazi B Primary School,0801BYO1702,0,153,3,0,0,0,1,6,0,0,0,0,0,0,65,1,1,0,0,0,0,0,0,1,0,231,230
Bulawayo,Pumula,Bulawayo Municipality,17,Babambeni A Primary School,0801BYO1703,1,382,2,0,0,3,0,35,0,0,0,1,0,0,165,3,0,2,0,0,1,0,1,7,0,603,596
Bulawayo,Pumula,Bulawayo Municipality,17,Babambeni B Primary School,0801BYO1704,1,172,0,0,0,1,0,30,2,1,0,0,0,0,63,0,2,0,0,1,1,0,0,4,0,278,274
Bulawayo,Pumula,Bulawayo Municipality,17,Green Gables High School,0801BYO1705,0,12,0,0,0,0,0,0,0,0,0,0,0,0,10,0,0,0,0,0,0,0,0,0,0,22,22
Bulawayo,Pumula,Bulawayo Municipality,17,HydePark Primary School,0801BYO1706,1,136,2,1,0,1,0,8,0,0,0,0,1,1,70,2,0,1,1,0,0,0,1,6,0,232,226
Bulawayo,Pumula,Bulawayo Municipality,17,Malindela A Primary School,0801BYO1707,3,487,2,0,0,3,1,37,1,1,0,0,0,1,231,0,0,0,2,2,1,1,0,9,2,782,773
Bulawayo,Pumula,Bulawayo Municipality,17,Malindela B Primary School,0801BYO1708,5,508,1,0,0,3,0,26,0,2,0,0,0,2,194,4,0,1,7,1,0,1,1,6,0,762,756
Bulawayo,Pumula,Bulawayo Municipality,17,Pumula High School,0801BYO1710,1,421,0,1,0,3,1,30,0,0,0,0,0,0,228,2,0,1,0,1,0,0,0,1,1,690,689
Bulawayo,Pumula,Bulawayo Municipality,17,Pumula Library,0801BYO1711,2,142,2,0,0,0,0,17,0,0,0,0,0,0,59,0,0,0,0,0,0,0,0,1,0,223,222
Bulawayo,Pumula,Bulawayo Municipality,17,Robert Sinyoka Primary School,0801BYO1712,0,142,2,0,0,1,0,17,0,0,0,0,1,0,106,1,0,0,1,0,1,1,0,2,0,275,273
Bulawayo,Pumula,Bulawayo Municipality,17,Sizalendaba Secondary School,0801BYO1713,0,21,0,0,0,1,0,1,0,0,1,0,0,0,17,0,0,0,0,0,0,0,0,2,0,43,41
Bulawayo,Pumula,Bulawayo Municipality,17,St Peter Primary School,0801BYO1714,5,156,0,0,1,1,1,47,0,0,0,0,0,1,150,1,0,1,2,0,1,1,1,3,1,372,369
,,,,13 Polling Stations,Ward Total,20,"3,050",15,2,1,18,5,281,3,4,1,1,2,6,"1,475",15,4,7,14,8,5,4,5,50,4,"4,996","4,946"
,,,,,,,,,,,,,,,,,,,,,,,,,,,,,,,,
Bulawayo,Pumula,Bulawayo Municipality,19,Amhlophe High School A,0801BYO1901 A,2,297,0,0,1,1,1,11,0,0,0,0,1,0,148,1,0,1,2,0,0,0,0,6,0,472,466
Bulawayo,Pumula,Bulawayo Municipality,19,Amhlophe High School B,0801BYO1901 B,0,304,0,0,0,1,3,13,0,0,0,0,0,0,119,1,0,0,3,0,0,0,1,9,0,454,445
Bulawayo,Pumula,Bulawayo Municipality,19,Godlwayo A Primary School A,0801BYO1902 A,1,294,0,0,0,0,0,35,0,0,0,0,0,0,147,2,1,0,1,0,0,0,0,6,0,487,481
Bulawayo,Pumula,Bulawayo Municipality,19,Godlwayo A Primary School B,0801BYO1902 B,0,308,0,0,0,1,0,36,1,0,0,1,1,0,144,0,3,1,1,0,0,0,0,5,0,502,497
Bulawayo,Pumula,Bulawayo Municipality,19,Godlwayo B Primary School,0801BYO1903,1,154,0,1,0,0,0,9,0,1,0,0,0,0,82,1,1,0,0,0,0,0,1,7,0,258,251
Bulawayo,Pumula,Bulawayo Municipality,19,Ingwegwe Primary School A,0801BYO1904 A,1,502,3,0,0,0,0,15,0,0,0,0,0,0,207,1,0,0,5,0,0,0,0,5,0,739,734
Bulawayo,Pumula,Bulawayo Municipality,19,Ingwegwe Primary School B,0801BYO1904 B,0,489,2,0,0,0,0,16,0,0,1,0,0,0,177,7,0,1,2,2,0,0,1,5,0,703,698
Bulawayo,Pumula,Bulawayo Municipality,19,Open Space Tent,0801BYO1905,0,190,0,1,0,1,0,6,0,0,0,1,1,0,84,1,0,0,1,0,0,1,0,3,0,290,287
Bulawayo,Pumula,Bulawayo Municipality,19,Proposed Amhlophe Tent(Close to Stand Number 8700),0801BYO1906,1,130,1,0,1,0,1,9,0,0,0,0,0,0,65,2,0,0,1,1,0,0,0,4,0,216,212
Bulawayo,Pumula,Bulawayo Municipality,19,Pumula East Pre-School,0801BYO1907,0,207,1,0,1,0,1,7,0,0,0,0,0,0,94,3,1,0,2,0,0,0,0,1,0,318,317
Bulawayo,Pumula,Bulawayo Municipality,19,Pumula Hall A,0801BYO1908 A,3,350,0,0,0,0,0,30,1,0,1,1,0,0,189,1,0,0,1,0,1,1,1,4,0,584,580
Bulawayo,Pumula,Bulawayo Municipality,19,Pumula Hall B,0801BYO1908 B,1,322,1,1,0,1,1,30,1,0,0,0,1,0,186,4,0,3,3,2,0,0,0,13,0,570,557
Bulawayo,Pumula,Bulawayo Municipality,19,St. Bernards A Primary School,0801BYO1909,1,156,0,0,1,1,0,12,0,0,0,0,0,0,68,2,0,0,1,1,0,0,0,0,0,243,243
Bulawayo,Pumula,Bulawayo Municipality,19,St. Bernards B Primary School,0801BYO1910,1,108,0,0,0,0,0,9,0,0,0,0,0,0,35,0,0,0,0,0,0,0,0,2,0,155,153
,,,,14 Polling Stations,Ward Total,12,"3,811",8,3,4,6,7,238,3,1,2,3,4,0,"1,745",26,6,6,23,6,1,2,4,70,0,"5,991","5,921"
,,,,,,,,,,,,,,,,,,,,,,,,,,,,,,,,
Bulawayo,Pumula,Bulawayo Municipality,27,Dumezweni A Primary School A,0801BYO2701 A,1,521,3,0,0,1,0,12,1,0,0,0,0,0,209,3,0,0,2,1,0,0,1,9,1,764,755
Bulawayo,Pumula,Bulawayo Municipality,27,Dumezweni A Primary School B,0801BYO2701 B,0,498,1,0,0,4,0,24,0,0,1,0,0,0,201,4,0,1,2,0,0,0,0,8,0,744,736
Bulawayo,Pumula,Bulawayo Municipality,27,Dumezweni A Primary School C,0801BYO2701 C,0,523,2,1,0,1,0,17,0,0,0,0,0,0,199,4,0,3,2,0,0,0,1,5,0,758,753
Bulawayo,Pumula,Bulawayo Municipality,27,Dumezweni B Primary School,0801BYO2702,3,385,2,0,1,1,3,15,0,0,0,0,0,1,169,4,0,0,3,0,0,0,0,6,0,593,587
Bulawayo,Pumula,Bulawayo Municipality,27,FOG Church Tent,0801BYO2703,1,246,0,0,1,1,1,14,0,0,0,0,1,0,109,1,1,0,1,0,0,0,0,0,0,377,377
Bulawayo,Pumula,Bulawayo Municipality,27,Ngwalongwalo Primary School A,0801BYO2704 A,3,413,3,0,0,0,2,14,0,0,0,0,0,0,150,3,0,0,3,1,0,1,0,5,0,598,593
Bulawayo,Pumula,Bulawayo Municipality,27,Ngwalongwalo Primary School B,0801BYO2704 B,2,438,1,0,0,0,5,18,0,0,0,0,2,0,145,1,1,0,1,0,0,0,1,2,0,617,615
Bulawayo,Pumula,Bulawayo Municipality,27,Pelandaba West Tent,0801BYO2705,1,365,0,2,0,2,3,8,0,0,0,0,1,0,113,1,0,0,1,0,0,0,0,7,0,504,497
Bulawayo,Pumula,Bulawayo Municipality,27,Premier High School,0801BYO2706,1,482,1,0,0,9,4,25,0,0,0,0,1,0,167,6,0,2,2,0,1,0,0,3,1,704,701
Bulawayo,Pumula,Bulawayo Municipality,27,Pumula Glendenning Hall A,0801BYO2707 A,1,301,0,0,0,2,1,11,1,0,1,0,0,0,158,0,1,0,0,0,0,0,0,2,0,479,477
Bulawayo,Pumula,Bulawayo Municipality,27,Pumula Glendenning Hall B,0801BYO2707 B,0,315,6,0,1,2,1,25,0,0,1,0,1,0,123,1,0,0,0,1,0,0,1,2,0,480,478
Bulawayo,Pumula,Bulawayo Municipality,27,Pumula South Hall A,0801BYO2708 A,1,426,3,0,0,1,2,16,0,0,0,0,0,0,138,5,0,1,1,0,0,0,0,2,0,596,594
Bulawayo,Pumula,Bulawayo Municipality,27,Pumula South Hall B,0801BYO2708 B,0,396,2,0,0,0,1,21,0,0,0,0,0,0,131,2,0,0,2,1,0,1,0,6,0,563,557
Bulawayo,Pumula,Bulawayo Municipality,27,Pumula South Pre-School,0801BYO2709,1,433,0,0,2,0,0,25,1,0,0,0,0,0,171,7,0,0,1,0,0,0,0,5,0,646,641
Bulawayo,Pumula,Bulawayo Municipality,27,Pumula South Secondary School,0801BYO2710,1,373,0,0,0,6,3,25,0,0,0,1,0,0,175,5,0,0,2,1,1,0,0,3,0,596,593
Bulawayo,Pumula,Bulawayo Municipality,27,Venture High School,0801BYO2711,1,504,0,0,1,2,1,17,1,0,0,1,0,0,173,3,1,0,5,1,0,1,0,3,0,715,712
,,,,16 Polling Stations,Ward Total,17,"6,619",24,3,6,32,27,287,4,0,3,2,6,1,"2,531",50,4,7,28,6,2,3,4,68,2,"9,734","9,666"
,,,,,,,,,,,,,,,,,,,,,,,,,,,,,,,,
,,,,Pumula Constituency Totals,,49,"13,480",47,8,11,56,39,806,10,5,6,6,12,7,"5,751",91,14,20,65,20,8,9,13,188,6,"20,721","20,533"
,,,,,,,,,,,,,,,,,,,,,,,,,,,,,,,,
,,,,PROVINCIAL TOTALS,,497,"144,107",364,94,78,442,320,"5,753",81,60,104,45,65,57,"60,168","1,350",68,231,"1,050",133,91,118,129,"1,901",24,"217,306","215,405"
,,,,,,,,,,,,,,,,,,,,,,,,,,,,,,,,
,,,,,,,,,,,,,,,,,,,,,,,,,,,,,,,,
,,,,BULAWAYO METROPOLITAN PROVINCE : COLLATION OF RETURNS FROM CONSTITUENCY COMMAND CENTRES,,,,,,,,,,,,,,,,,,,,,,,,,,,,
,,,,CONSTITUENCY,,Busha Joseph Makamba FreeZim Congress,Chamisa Nelson MDC Alliance,Chikanga  Everisto Washington Rebuild Zimbabwe,Dzapasi Melbah # 1980 Freedom Movement Zimbabwe,Gava Peter Mapfumo UDF,Hlabangana Kwanele RPZ,Kasiyamhuru Blessing ZPP,Khupe Thokozani MDC-T,Madhuku Lovemore NCA,Mangoma Elton Steers Coalition of Democrats,Manyika Noah Ngoni BZA,Mapfumo Chiguvare Tonderayi Johannes Timothy PPPZ,MARIYACHA Violet UDM,Mhambi-Hove Divine NAPDR,Mnangagwa Emmerson Dambudzo ZANU PF,Moyo Donald Nkosana APA,Mteki Bryn Taurai Independent,Mugadza Willard Tawonezvi BCP,Mujuru Joice Teurai Ropa PRC,Munyanduri Tenda Peter NPF,MutinhirI Ambrose NDP,Shumba Kuzozvirava Doniel UDA,Wilson Peter Harry DOP,Total Votes Rejected ,Ballot Paper Unaccounted for,Total Votes Cast,Total Valid Votes Cast
,,,,Bulawayo Central ,,33,"13,071",29,14,6,30,18,361,5,5,20,10,6,1,"5,514",219,11,27,98,11,11,7,11,152,5,"19,670","19,518"
,,,,Bulawayo East ,,37,"12,334",19,8,3,28,14,317,7,3,17,3,1,7,"5,209",213,2,20,42,7,5,20,9,151,3,"18,476","18,325"
,,,,Bulawayo South ,,21,"9,853",25,2,3,15,23,308,1,3,8,4,2,1,"3,939",77,3,16,108,6,10,5,5,112,2,"14,550","14,438"
,,,,Emakhandeni-Entumbane ,,34,"10,837",32,8,9,29,26,325,9,3,4,3,4,2,"3,907",62,3,15,76,7,14,7,13,152,1,"15,581","15,429"
,,,,Lobengula ,,38,"9,814",24,8,4,47,14,378,5,6,8,5,14,5,"4,373",66,6,15,86,14,2,13,17,133,1,"15,095","14,962"
,,,,Luveve ,,65,"18,971",42,12,14,59,67,934,13,9,9,5,8,10,"7,511",158,9,25,192,15,8,18,11,251,1,"28,416","28,165"
,,,,Magwegwe ,,41,"8,127",26,5,9,30,15,409,8,6,1,0,5,2,"3,328",74,6,14,46,10,9,12,10,113,0,"12,306","12,193"
,,,,Makokoba ,,35,"10,342",26,10,3,18,21,450,7,6,7,3,3,3,"4,164",65,2,16,59,15,1,3,11,177,0,"15,447","15,270"
,,,,Nketa ,,58,"15,562",32,7,9,38,49,428,5,4,13,2,4,10,"7,141",168,5,31,110,11,8,12,13,203,1,"23,923","23,720"
,,,,Nkulumane ,,48,"12,212",35,5,5,51,19,581,6,2,5,2,3,6,"5,099",91,3,17,125,12,10,7,5,125,4,"18,474","18,349"
,,,,Pelandaba-Mpopoma ,,38,"9,504",27,7,2,41,15,456,5,8,6,2,3,3,"4,232",66,4,15,43,5,5,5,11,144,0,"14,647","14,503"
,,,,Pumula ,,49,"13,480",47,8,11,56,39,806,10,5,6,6,12,7,"5,751",91,14,20,65,20,8,9,13,188,6,"20,721","20,533"
,,,,TOTAL ,,497,"144,107",364,94,78,442,320,"5,753",81,60,104,45,65,57,"60,168","1,350",68,231,"1,050",133,91,118,129,"1,901",24,"217,306","215,405"
,,,,PERCENTAGE OF TOTAL VOTES CAST,,0.23%,66.32%,0.17%,0.04%,0.04%,0.20%,0.15%,2.65%,0.04%,0.03%,0.05%,0.02%,0.03%,0.03%,27.69%,0.62%,0.03%,0.11%,0.48%,0.06%,0.04%,0.05%,0.06%,0.87%,0.01%,100.00%,99.13%
,,,,,,,,,,,,,,,,,,,,,,,,,,,,,,,,
,,,,,,,,,,,,,,,,,,,,,,,,,,,,,,,,
,,,,,,,,,,,,,,,,,,,,,,,,,,,,,,,,
,,,,,,,,,,,,,,,,,,,,,,,,,,,,,,,,
,,,,,,,,,, ,,,,,,,,,,,,,,,,,,,,,,
